model,dimension,group,scope,n_3voters,hit_rate,mean_p3_on_3voter,share_of_3voters,n_players,mean_error,mae
Structural (A),role,KEY_DEFENDER,all,42.0,0.2857142857142857,0.20662218553032377,0.01418918918918919,,,
Structural (A),role,KEY_FORWARD,all,200.0,0.655,0.4880159933357623,0.06756756756756757,,,
Structural (A),role,MEDIUM_DEFENDER,all,181.0,0.4198895027624309,0.30282200734150455,0.06114864864864865,,,
Structural (A),role,MEDIUM_FORWARD,all,161.0,0.4782608695652174,0.345303636241733,0.05439189189189189,,,
Structural (A),role,MIDFIELDER,all,1901.0,0.6344029458179905,0.43031440177067937,0.6422297297297297,,,
Structural (A),role,MIDFIELDER_FORWARD,all,46.0,0.5652173913043478,0.4234031582157098,0.015540540540540541,,,
Structural (A),role,RUCK,all,135.0,0.45925925925925926,0.31319769946623827,0.04560810810810811,,,
Structural (A),role,UNKNOWN,all,294.0,0.564625850340136,0.4041532307857192,0.09932432432432432,,,
Structural (A),role,KEY_DEFENDER,recent (2022-2026),16.0,0.3125,0.2404034757017614,0.015594541910331383,,,
Structural (A),role,KEY_FORWARD,recent (2022-2026),88.0,0.7045454545454546,0.5382001319146997,0.08576998050682261,,,
Structural (A),role,MEDIUM_DEFENDER,recent (2022-2026),94.0,0.44680851063829785,0.3161208445429393,0.09161793372319688,,,
Structural (A),role,MEDIUM_FORWARD,recent (2022-2026),73.0,0.4246575342465753,0.3219288447174436,0.07115009746588694,,,
Structural (A),role,MIDFIELDER,recent (2022-2026),636.0,0.6336477987421384,0.4387336708616224,0.6198830409356725,,,
Structural (A),role,MIDFIELDER_FORWARD,recent (2022-2026),33.0,0.5454545454545454,0.4173806576888009,0.03216374269005848,,,
Structural (A),role,RUCK,recent (2022-2026),52.0,0.4423076923076923,0.3220406749867475,0.050682261208576995,,,
Structural (A),role,UNKNOWN,recent (2022-2026),34.0,0.5882352941176471,0.4447643993104419,0.03313840155945419,,,
Structural (A),margin_bucket,0-12,all,750.0,0.5546666666666666,0.36994672102848747,0.2533783783783784,,,
Structural (A),margin_bucket,100+,all,64.0,0.640625,0.522736537188851,0.021621621621621623,,,
Structural (A),margin_bucket,12-24,all,574.0,0.6289198606271778,0.4113035555383781,0.1939189189189189,,,
Structural (A),margin_bucket,24-48,all,892.0,0.5997757847533632,0.41112417676618596,0.3013513513513513,,,
Structural (A),margin_bucket,48-100,all,680.0,0.5926470588235294,0.4434805527061266,0.22972972972972974,,,
Structural (A),margin_bucket,0-12,recent (2022-2026),291.0,0.5120274914089347,0.34402144547151625,0.28362573099415206,,,
Structural (A),margin_bucket,100+,recent (2022-2026),18.0,0.6666666666666666,0.5845354054505935,0.017543859649122806,,,
Structural (A),margin_bucket,12-24,recent (2022-2026),195.0,0.6461538461538462,0.4273168147285444,0.19005847953216373,,,
Structural (A),margin_bucket,24-48,recent (2022-2026),290.0,0.603448275862069,0.4294413814554245,0.2826510721247563,,,
Structural (A),margin_bucket,48-100,recent (2022-2026),232.0,0.6120689655172413,0.4767407581649069,0.22612085769980506,,,
Structural (A),losing_team_3voter,False,all,2659.0,0.6073711921775103,0.4203523978906015,0.8983108108108108,,,
Structural (A),losing_team_3voter,True,all,301.0,0.4684385382059801,0.3241725433720123,0.10168918918918919,,,
Structural (A),losing_team_3voter,False,recent (2022-2026),916.0,0.6124454148471615,0.43362590053296485,0.8927875243664717,,,
Structural (A),losing_team_3voter,True,recent (2022-2026),110.0,0.39090909090909093,0.2899926220956706,0.10721247563352826,,,
Structural (A),season_ev_bias_by_role,KEY_DEFENDER,all,,,,,190.0,-0.5990153446908668,1.5284996661662997
Structural (A),season_ev_bias_by_role,KEY_FORWARD,all,,,,,296.0,-0.6220867036509556,1.4004708149007732
Structural (A),season_ev_bias_by_role,MEDIUM_DEFENDER,all,,,,,419.0,-0.06860176845203413,1.7863805013583332
Structural (A),season_ev_bias_by_role,MEDIUM_FORWARD,all,,,,,376.0,-0.6737131920722592,1.363386434560687
Structural (A),season_ev_bias_by_role,MIDFIELDER,all,,,,,1904.0,-0.25282134649723165,2.071759997073427
Structural (A),season_ev_bias_by_role,MIDFIELDER_FORWARD,all,,,,,77.0,-0.26144359203125245,1.899028443961651
Structural (A),season_ev_bias_by_role,RUCK,all,,,,,263.0,0.2675519016172858,1.8774877698796377
Structural (A),season_ev_bias_by_role,UNKNOWN,all,,,,,37.0,-0.5310566316108172,1.0562589472970412
Structural (A),season_ev_bias_by_role,KEY_DEFENDER,recent (2022-2026),,,,,76.0,-0.08022703324590177,1.430836811267261
Structural (A),season_ev_bias_by_role,KEY_FORWARD,recent (2022-2026),,,,,138.0,-0.5489302426309426,1.43606742643821
Structural (A),season_ev_bias_by_role,MEDIUM_DEFENDER,recent (2022-2026),,,,,200.0,0.11988928572069185,1.8376419821907908
Structural (A),season_ev_bias_by_role,MEDIUM_FORWARD,recent (2022-2026),,,,,152.0,-0.7443915810224858,1.4758270149612516
Structural (A),season_ev_bias_by_role,MIDFIELDER,recent (2022-2026),,,,,454.0,-0.5998974371323543,2.4532217892038206
Structural (A),season_ev_bias_by_role,MIDFIELDER_FORWARD,recent (2022-2026),,,,,62.0,-0.0634589901744354,1.9225576867408705
Structural (A),season_ev_bias_by_role,RUCK,recent (2022-2026),,,,,89.0,1.1217256366505282,2.438910161933933
Structural (A),season_ev_bias_by_role,UNKNOWN,recent (2022-2026),,,,,4.0,-0.855750598779083,0.855750598779083
"Performance ML (B, default params)",role,KEY_DEFENDER,all,42.0,0.21428571428571427,0.17425300982433956,0.01418918918918919,,,
"Performance ML (B, default params)",role,KEY_FORWARD,all,200.0,0.64,0.45562811749810506,0.06756756756756757,,,
"Performance ML (B, default params)",role,MEDIUM_DEFENDER,all,181.0,0.4088397790055249,0.2956496370628723,0.06114864864864865,,,
"Performance ML (B, default params)",role,MEDIUM_FORWARD,all,161.0,0.422360248447205,0.3267504493574303,0.05439189189189189,,,
"Performance ML (B, default params)",role,MIDFIELDER,all,1901.0,0.6370331404523935,0.43849923981077166,0.6422297297297297,,,
"Performance ML (B, default params)",role,MIDFIELDER_FORWARD,all,46.0,0.5869565217391305,0.38409686573158924,0.015540540540540541,,,
"Performance ML (B, default params)",role,RUCK,all,135.0,0.362962962962963,0.2748744647252815,0.04560810810810811,,,
"Performance ML (B, default params)",role,UNKNOWN,all,294.0,0.5680272108843537,0.4170886842806251,0.09932432432432432,,,
"Performance ML (B, default params)",role,KEY_DEFENDER,recent (2022-2026),16.0,0.25,0.1936507606531369,0.015594541910331383,,,
"Performance ML (B, default params)",role,KEY_FORWARD,recent (2022-2026),88.0,0.6818181818181818,0.49452662517090346,0.08576998050682261,,,
"Performance ML (B, default params)",role,MEDIUM_DEFENDER,recent (2022-2026),94.0,0.43617021276595747,0.31172742301509254,0.09161793372319688,,,
"Performance ML (B, default params)",role,MEDIUM_FORWARD,recent (2022-2026),73.0,0.4383561643835616,0.3030597525743726,0.07115009746588694,,,
"Performance ML (B, default params)",role,MIDFIELDER,recent (2022-2026),636.0,0.6194968553459119,0.42653328303158855,0.6198830409356725,,,
"Performance ML (B, default params)",role,MIDFIELDER_FORWARD,recent (2022-2026),33.0,0.5454545454545454,0.35616303041653585,0.03216374269005848,,,
"Performance ML (B, default params)",role,RUCK,recent (2022-2026),52.0,0.38461538461538464,0.3105175109741876,0.050682261208576995,,,
"Performance ML (B, default params)",role,UNKNOWN,recent (2022-2026),34.0,0.47058823529411764,0.3843669257178294,0.03313840155945419,,,
"Performance ML (B, default params)",margin_bucket,0-12,all,750.0,0.536,0.3703372322065533,0.2533783783783784,,,
"Performance ML (B, default params)",margin_bucket,100+,all,64.0,0.625,0.4818685178046129,0.021621621621621623,,,
"Performance ML (B, default params)",margin_bucket,12-24,all,574.0,0.6167247386759582,0.42453592657947814,0.1939189189189189,,,
"Performance ML (B, default params)",margin_bucket,24-48,all,892.0,0.5818385650224215,0.40913853499094666,0.3013513513513513,,,
"Performance ML (B, default params)",margin_bucket,48-100,all,680.0,0.6147058823529412,0.4387111600361192,0.22972972972972974,,,
"Performance ML (B, default params)",margin_bucket,0-12,recent (2022-2026),291.0,0.4879725085910653,0.3334118167530541,0.28362573099415206,,,
"Performance ML (B, default params)",margin_bucket,100+,recent (2022-2026),18.0,0.7222222222222222,0.5249348645116275,0.017543859649122806,,,
"Performance ML (B, default params)",margin_bucket,12-24,recent (2022-2026),195.0,0.6051282051282051,0.42025892535057224,0.19005847953216373,,,
"Performance ML (B, default params)",margin_bucket,24-48,recent (2022-2026),290.0,0.5482758620689655,0.40580017169068505,0.2826510721247563,,,
"Performance ML (B, default params)",margin_bucket,48-100,recent (2022-2026),232.0,0.6594827586206896,0.44906130376607406,0.22612085769980506,,,
"Performance ML (B, default params)",losing_team_3voter,False,all,2659.0,0.606242948476871,0.42529778330882445,0.8983108108108108,,,
"Performance ML (B, default params)",losing_team_3voter,True,all,301.0,0.4019933554817276,0.2813438118583123,0.10168918918918919,,,
"Performance ML (B, default params)",losing_team_3voter,False,recent (2022-2026),916.0,0.5938864628820961,0.4176056547367641,0.8927875243664717,,,
"Performance ML (B, default params)",losing_team_3voter,True,recent (2022-2026),110.0,0.37272727272727274,0.2523604473169234,0.10721247563352826,,,
"Performance ML (B, default params)",season_ev_bias_by_role,KEY_DEFENDER,all,,,,,169.0,-1.2611818658086618,1.6919481401598182
"Performance ML (B, default params)",season_ev_bias_by_role,KEY_FORWARD,all,,,,,303.0,-0.5188444867639123,1.385872493372253
"Performance ML (B, default params)",season_ev_bias_by_role,MEDIUM_DEFENDER,all,,,,,399.0,-0.14473420444710838,1.777235420262074
"Performance ML (B, default params)",season_ev_bias_by_role,MEDIUM_FORWARD,all,,,,,382.0,-0.6194619574399107,1.4263166532315916
"Performance ML (B, default params)",season_ev_bias_by_role,MIDFIELDER,all,,,,,1892.0,-0.051325915148753475,2.1219394650494223
"Performance ML (B, default params)",season_ev_bias_by_role,MIDFIELDER_FORWARD,all,,,,,74.0,-0.22219488535932513,1.9170005474242642
"Performance ML (B, default params)",season_ev_bias_by_role,RUCK,all,,,,,244.0,-0.30354995886224656,1.9358891196753374
"Performance ML (B, default params)",season_ev_bias_by_role,UNKNOWN,all,,,,,34.0,-0.7296836777176723,0.9590166857596695
"Performance ML (B, default params)",season_ev_bias_by_role,KEY_DEFENDER,recent (2022-2026),,,,,66.0,-0.7436141081780221,1.4589421855948848
"Performance ML (B, default params)",season_ev_bias_by_role,KEY_FORWARD,recent (2022-2026),,,,,143.0,-0.3704621658600973,1.3274578239246309
"Performance ML (B, default params)",season_ev_bias_by_role,MEDIUM_DEFENDER,recent (2022-2026),,,,,194.0,0.18245752784099217,1.8252773645675444
"Performance ML (B, default params)",season_ev_bias_by_role,MEDIUM_FORWARD,recent (2022-2026),,,,,153.0,-0.6015183052473231,1.5201358619033318
"Performance ML (B, default params)",season_ev_bias_by_role,MIDFIELDER,recent (2022-2026),,,,,455.0,-0.47786625132753346,2.523395617281965
"Performance ML (B, default params)",season_ev_bias_by_role,MIDFIELDER_FORWARD,recent (2022-2026),,,,,59.0,-0.23733052990965606,1.9829291139473775
"Performance ML (B, default params)",season_ev_bias_by_role,RUCK,recent (2022-2026),,,,,84.0,0.6978598919162825,2.306382649090839
"Performance ML (B, default params)",season_ev_bias_by_role,UNKNOWN,recent (2022-2026),,,,,4.0,-0.7877326730771972,0.7877326730771972
Performance ML (B),role,KEY_DEFENDER,all,42.0,0.19047619047619047,0.17997674281193848,0.01418918918918919,,,
Performance ML (B),role,KEY_FORWARD,all,200.0,0.655,0.4693213263909721,0.06756756756756757,,,
Performance ML (B),role,MEDIUM_DEFENDER,all,181.0,0.3867403314917127,0.29477046651022426,0.06114864864864865,,,
Performance ML (B),role,MEDIUM_FORWARD,all,161.0,0.453416149068323,0.333902920052117,0.05439189189189189,,,
Performance ML (B),role,MIDFIELDER,all,1901.0,0.6317727511835876,0.4380197881471872,0.6422297297297297,,,
Performance ML (B),role,MIDFIELDER_FORWARD,all,46.0,0.6086956521739131,0.3939774783463792,0.015540540540540541,,,
Performance ML (B),role,RUCK,all,135.0,0.362962962962963,0.27139848350300566,0.04560810810810811,,,
Performance ML (B),role,UNKNOWN,all,294.0,0.5816326530612245,0.4170386084507531,0.09932432432432432,,,
Performance ML (B),role,KEY_DEFENDER,recent (2022-2026),16.0,0.25,0.19720940017645053,0.015594541910331383,,,
Performance ML (B),role,KEY_FORWARD,recent (2022-2026),88.0,0.6931818181818182,0.515760381999243,0.08576998050682261,,,
Performance ML (B),role,MEDIUM_DEFENDER,recent (2022-2026),94.0,0.4148936170212766,0.3096598880825439,0.09161793372319688,,,
Performance ML (B),role,MEDIUM_FORWARD,recent (2022-2026),73.0,0.4246575342465753,0.315873448224241,0.07115009746588694,,,
Performance ML (B),role,MIDFIELDER,recent (2022-2026),636.0,0.6053459119496856,0.4241596142550795,0.6198830409356725,,,
Performance ML (B),role,MIDFIELDER_FORWARD,recent (2022-2026),33.0,0.5757575757575758,0.36252619546373405,0.03216374269005848,,,
Performance ML (B),role,RUCK,recent (2022-2026),52.0,0.40384615384615385,0.3009518943495039,0.050682261208576995,,,
Performance ML (B),role,UNKNOWN,recent (2022-2026),34.0,0.5882352941176471,0.40696674567515917,0.03313840155945419,,,
Performance ML (B),margin_bucket,0-12,all,750.0,0.54,0.37002202262007206,0.2533783783783784,,,
Performance ML (B),margin_bucket,100+,all,64.0,0.703125,0.4949410448629866,0.021621621621621623,,,
Performance ML (B),margin_bucket,12-24,all,574.0,0.6132404181184669,0.4271001913728871,0.1939189189189189,,,
Performance ML (B),margin_bucket,24-48,all,892.0,0.5762331838565022,0.40959099976777424,0.3013513513513513,,,
Performance ML (B),margin_bucket,48-100,all,680.0,0.6102941176470589,0.43952708087503495,0.22972972972972974,,,
Performance ML (B),margin_bucket,0-12,recent (2022-2026),291.0,0.49140893470790376,0.3362187784444413,0.28362573099415206,,,
Performance ML (B),margin_bucket,100+,recent (2022-2026),18.0,0.6111111111111112,0.5324651220270815,0.017543859649122806,,,
Performance ML (B),margin_bucket,12-24,recent (2022-2026),195.0,0.6,0.4231582413860447,0.19005847953216373,,,
Performance ML (B),margin_bucket,24-48,recent (2022-2026),290.0,0.5551724137931034,0.4047523198902242,0.2826510721247563,,,
Performance ML (B),margin_bucket,48-100,recent (2022-2026),232.0,0.6379310344827587,0.45088894669088403,0.22612085769980506,,,
Performance ML (B),losing_team_3voter,False,all,2659.0,0.6084994358781497,0.4268455933688699,0.8983108108108108,,,
Performance ML (B),losing_team_3voter,True,all,301.0,0.3754152823920266,0.2777388960278265,0.10168918918918919,,,
Performance ML (B),losing_team_3voter,False,recent (2022-2026),916.0,0.5938864628820961,0.4197681963563366,0.8927875243664717,,,
Performance ML (B),losing_team_3voter,True,recent (2022-2026),110.0,0.32727272727272727,0.2492421302922218,0.10721247563352826,,,
Performance ML (B),season_ev_bias_by_role,KEY_DEFENDER,all,,,,,178.0,-0.9400909212894196,1.6113910177917083
Performance ML (B),season_ev_bias_by_role,KEY_FORWARD,all,,,,,300.0,-0.5065589542219613,1.3555673649168467
Performance ML (B),season_ev_bias_by_role,MEDIUM_DEFENDER,all,,,,,407.0,-0.10510940356516246,1.7425444595180846
Performance ML (B),season_ev_bias_by_role,MEDIUM_FORWARD,all,,,,,376.0,-0.646470435417434,1.4350684297879281
Performance ML (B),season_ev_bias_by_role,MIDFIELDER,all,,,,,1886.0,-0.09434573684482746,2.09105399683012
Performance ML (B),season_ev_bias_by_role,MIDFIELDER_FORWARD,all,,,,,75.0,-0.22774686630723834,1.8369780684099104
Performance ML (B),season_ev_bias_by_role,RUCK,all,,,,,246.0,-0.12599302825868994,1.9267594056592987
Performance ML (B),season_ev_bias_by_role,UNKNOWN,all,,,,,36.0,-0.6287289084379817,1.00988277358391
Performance ML (B),season_ev_bias_by_role,KEY_DEFENDER,recent (2022-2026),,,,,70.0,-0.427495445254469,1.4228377334945417
Performance ML (B),season_ev_bias_by_role,KEY_FORWARD,recent (2022-2026),,,,,140.0,-0.34514535472888197,1.3173994629164902
Performance ML (B),season_ev_bias_by_role,MEDIUM_DEFENDER,recent (2022-2026),,,,,194.0,0.16892171668807868,1.822159658698348
Performance ML (B),season_ev_bias_by_role,MEDIUM_FORWARD,recent (2022-2026),,,,,152.0,-0.5757906780717219,1.5379390149905785
Performance ML (B),season_ev_bias_by_role,MIDFIELDER,recent (2022-2026),,,,,453.0,-0.5280619401017267,2.497326991528605
Performance ML (B),season_ev_bias_by_role,MIDFIELDER_FORWARD,recent (2022-2026),,,,,60.0,-0.22365528971740956,1.9168702493504057
Performance ML (B),season_ev_bias_by_role,RUCK,recent (2022-2026),,,,,84.0,0.7289872415660094,2.3099867257833946
Performance ML (B),season_ev_bias_by_role,UNKNOWN,recent (2022-2026),,,,,4.0,-0.7914647323580675,0.7914647323580675
Stats-only (C),role,KEY_DEFENDER,all,42.0,0.2619047619047619,0.1885295695420369,0.01418918918918919,,,
Stats-only (C),role,KEY_FORWARD,all,200.0,0.67,0.49690183634953994,0.06756756756756757,,,
Stats-only (C),role,MEDIUM_DEFENDER,all,181.0,0.4696132596685083,0.3135343609680067,0.06114864864864865,,,
Stats-only (C),role,MEDIUM_FORWARD,all,161.0,0.5093167701863354,0.35775084108899824,0.05439189189189189,,,
Stats-only (C),role,MIDFIELDER,all,1901.0,0.6128353498158864,0.411490443977154,0.6422297297297297,,,
Stats-only (C),role,MIDFIELDER_FORWARD,all,46.0,0.6521739130434783,0.4082248290732387,0.015540540540540541,,,
Stats-only (C),role,RUCK,all,135.0,0.5407407407407407,0.3444367697287764,0.04560810810810811,,,
Stats-only (C),role,UNKNOWN,all,294.0,0.5680272108843537,0.4009329943413449,0.09932432432432432,,,
Stats-only (C),role,KEY_DEFENDER,recent (2022-2026),16.0,0.3125,0.2289558329404957,0.015594541910331383,,,
Stats-only (C),role,KEY_FORWARD,recent (2022-2026),88.0,0.7386363636363636,0.5475760031846969,0.08576998050682261,,,
Stats-only (C),role,MEDIUM_DEFENDER,recent (2022-2026),94.0,0.4787234042553192,0.3356159861678364,0.09161793372319688,,,
Stats-only (C),role,MEDIUM_FORWARD,recent (2022-2026),73.0,0.4383561643835616,0.32964699081995824,0.07115009746588694,,,
Stats-only (C),role,MIDFIELDER,recent (2022-2026),636.0,0.6053459119496856,0.4213778687344585,0.6198830409356725,,,
Stats-only (C),role,MIDFIELDER_FORWARD,recent (2022-2026),33.0,0.6060606060606061,0.37944412538696465,0.03216374269005848,,,
Stats-only (C),role,RUCK,recent (2022-2026),52.0,0.5769230769230769,0.37609164108564924,0.050682261208576995,,,
Stats-only (C),role,UNKNOWN,recent (2022-2026),34.0,0.5588235294117647,0.44870328522836245,0.03313840155945419,,,
Stats-only (C),margin_bucket,0-12,all,750.0,0.5466666666666666,0.36258960915464,0.2533783783783784,,,
Stats-only (C),margin_bucket,100+,all,64.0,0.6875,0.5094135466129595,0.021621621621621623,,,
Stats-only (C),margin_bucket,12-24,all,574.0,0.6149825783972126,0.40087315636295107,0.1939189189189189,,,
Stats-only (C),margin_bucket,24-48,all,892.0,0.5919282511210763,0.4004602615088811,0.3013513513513513,,,
Stats-only (C),margin_bucket,48-100,all,680.0,0.6058823529411764,0.43409519920797845,0.22972972972972974,,,
Stats-only (C),margin_bucket,0-12,recent (2022-2026),291.0,0.5051546391752577,0.340784654331487,0.28362573099415206,,,
Stats-only (C),margin_bucket,100+,recent (2022-2026),18.0,0.7222222222222222,0.5971322996465875,0.017543859649122806,,,
Stats-only (C),margin_bucket,12-24,recent (2022-2026),195.0,0.6205128205128205,0.42124430826042203,0.19005847953216373,,,
Stats-only (C),margin_bucket,24-48,recent (2022-2026),290.0,0.596551724137931,0.4195986356527855,0.2826510721247563,,,
Stats-only (C),margin_bucket,48-100,recent (2022-2026),232.0,0.6336206896551724,0.47004229340451287,0.22612085769980506,,,
Stats-only (C),losing_team_3voter,False,all,2659.0,0.6066190297104175,0.4109901688046259,0.8983108108108108,,,
Stats-only (C),losing_team_3voter,True,all,301.0,0.44518272425249167,0.3130175929481404,0.10168918918918919,,,
Stats-only (C),losing_team_3voter,False,recent (2022-2026),916.0,0.611353711790393,0.4266474140455439,0.8927875243664717,,,
Stats-only (C),losing_team_3voter,True,recent (2022-2026),110.0,0.37272727272727274,0.29076128234836524,0.10721247563352826,,,
Stats-only (C),season_ev_bias_by_role,KEY_DEFENDER,all,,,,,175.0,-1.0522812913624988,1.6142495622557271
Stats-only (C),season_ev_bias_by_role,KEY_FORWARD,all,,,,,304.0,-0.32456967217174437,1.356034166218638
Stats-only (C),season_ev_bias_by_role,MEDIUM_DEFENDER,all,,,,,426.0,0.06451638906770538,1.7435962201564836
Stats-only (C),season_ev_bias_by_role,MEDIUM_FORWARD,all,,,,,388.0,-0.3933612845381538,1.3322999239771525
Stats-only (C),season_ev_bias_by_role,MIDFIELDER,all,,,,,1933.0,-0.37572484192428085,2.112025514896278
Stats-only (C),season_ev_bias_by_role,MIDFIELDER_FORWARD,all,,,,,75.0,-0.22078269001178435,1.9877409047536498
Stats-only (C),season_ev_bias_by_role,RUCK,all,,,,,268.0,0.447731890378335,1.9743009469020338
Stats-only (C),season_ev_bias_by_role,UNKNOWN,all,,,,,38.0,-0.4436882443685536,1.0050480977182772
Stats-only (C),season_ev_bias_by_role,KEY_DEFENDER,recent (2022-2026),,,,,70.0,-0.5664759707293682,1.4456723177722617
Stats-only (C),season_ev_bias_by_role,KEY_FORWARD,recent (2022-2026),,,,,142.0,-0.27432914625811977,1.394795005227007
Stats-only (C),season_ev_bias_by_role,MEDIUM_DEFENDER,recent (2022-2026),,,,,203.0,0.3026183680406195,1.8061836872542754
Stats-only (C),season_ev_bias_by_role,MEDIUM_FORWARD,recent (2022-2026),,,,,157.0,-0.4349199938879318,1.456866861941981
Stats-only (C),season_ev_bias_by_role,MIDFIELDER,recent (2022-2026),,,,,457.0,-0.8581530250083017,2.532339944378083
Stats-only (C),season_ev_bias_by_role,MIDFIELDER_FORWARD,recent (2022-2026),,,,,60.0,-0.21487359964018243,2.0383311491360443
Stats-only (C),season_ev_bias_by_role,RUCK,recent (2022-2026),,,,,89.0,1.5111560428375266,2.578771098493594
Stats-only (C),season_ev_bias_by_role,UNKNOWN,recent (2022-2026),,,,,4.0,-0.6787357869721019,0.6787357869721019
Stats-only ML (C-ML),role,KEY_DEFENDER,all,42.0,0.21428571428571427,0.16518978968316747,0.01418918918918919,,,
Stats-only ML (C-ML),role,KEY_FORWARD,all,200.0,0.655,0.47151385757537184,0.06756756756756757,,,
Stats-only ML (C-ML),role,MEDIUM_DEFENDER,all,181.0,0.430939226519337,0.30959816221693903,0.06114864864864865,,,
Stats-only ML (C-ML),role,MEDIUM_FORWARD,all,161.0,0.45962732919254656,0.3400040691370683,0.05439189189189189,,,
Stats-only ML (C-ML),role,MIDFIELDER,all,1901.0,0.6333508679642293,0.42965227233007586,0.6422297297297297,,,
Stats-only ML (C-ML),role,MIDFIELDER_FORWARD,all,46.0,0.5869565217391305,0.3867790817954501,0.015540540540540541,,,
Stats-only ML (C-ML),role,RUCK,all,135.0,0.362962962962963,0.26958488566496736,0.04560810810810811,,,
Stats-only ML (C-ML),role,UNKNOWN,all,294.0,0.5918367346938775,0.4164180628141672,0.09932432432432432,,,
Stats-only ML (C-ML),role,KEY_DEFENDER,recent (2022-2026),16.0,0.25,0.2016709016042271,0.015594541910331383,,,
Stats-only ML (C-ML),role,KEY_FORWARD,recent (2022-2026),88.0,0.7159090909090909,0.5164594035769445,0.08576998050682261,,,
Stats-only ML (C-ML),role,MEDIUM_DEFENDER,recent (2022-2026),94.0,0.44680851063829785,0.324234466742802,0.09161793372319688,,,
Stats-only ML (C-ML),role,MEDIUM_FORWARD,recent (2022-2026),73.0,0.4520547945205479,0.31646780429847643,0.07115009746588694,,,
Stats-only ML (C-ML),role,MIDFIELDER,recent (2022-2026),636.0,0.6084905660377359,0.41799507079368076,0.6198830409356725,,,
Stats-only ML (C-ML),role,MIDFIELDER_FORWARD,recent (2022-2026),33.0,0.5454545454545454,0.3592512886685978,0.03216374269005848,,,
Stats-only ML (C-ML),role,RUCK,recent (2022-2026),52.0,0.40384615384615385,0.30324923678921345,0.050682261208576995,,,
Stats-only ML (C-ML),role,UNKNOWN,recent (2022-2026),34.0,0.5882352941176471,0.40117299949005364,0.03313840155945419,,,
Stats-only ML (C-ML),margin_bucket,0-12,all,750.0,0.552,0.36515459859751204,0.2533783783783784,,,
Stats-only ML (C-ML),margin_bucket,100+,all,64.0,0.65625,0.4708505488810959,0.021621621621621623,,,
Stats-only ML (C-ML),margin_bucket,12-24,all,574.0,0.6045296167247387,0.42099561039189526,0.1939189189189189,,,
Stats-only ML (C-ML),margin_bucket,24-48,all,892.0,0.5840807174887892,0.4071596129714423,0.3013513513513513,,,
Stats-only ML (C-ML),margin_bucket,48-100,all,680.0,0.6205882352941177,0.4361207403769169,0.22972972972972974,,,
Stats-only ML (C-ML),margin_bucket,0-12,recent (2022-2026),291.0,0.5051546391752577,0.33416870907986823,0.28362573099415206,,,
Stats-only ML (C-ML),margin_bucket,100+,recent (2022-2026),18.0,0.7777777777777778,0.5140337435617748,0.017543859649122806,,,
Stats-only ML (C-ML),margin_bucket,12-24,recent (2022-2026),195.0,0.6153846153846154,0.42242503107375057,0.19005847953216373,,,
Stats-only ML (C-ML),margin_bucket,24-48,recent (2022-2026),290.0,0.5517241379310345,0.40650220629327194,0.2826510721247563,,,
Stats-only ML (C-ML),margin_bucket,48-100,recent (2022-2026),232.0,0.6336206896551724,0.44228503777505507,0.22612085769980506,,,
Stats-only ML (C-ML),losing_team_3voter,False,all,2659.0,0.6107559232794284,0.4221142103146586,0.8983108108108108,,,
Stats-only ML (C-ML),losing_team_3voter,True,all,301.0,0.4053156146179402,0.27574304797881954,0.10168918918918919,,,
Stats-only ML (C-ML),losing_team_3voter,False,recent (2022-2026),916.0,0.5982532751091703,0.41666384109719945,0.8927875243664717,,,
Stats-only ML (C-ML),losing_team_3voter,True,recent (2022-2026),110.0,0.36363636363636365,0.25182066299601746,0.10721247563352826,,,
Stats-only ML (C-ML),season_ev_bias_by_role,KEY_DEFENDER,all,,,,,167.0,-1.3223229682270679,1.6919113376486832
Stats-only ML (C-ML),season_ev_bias_by_role,KEY_FORWARD,all,,,,,305.0,-0.31709145465845556,1.3082720095288976
Stats-only ML (C-ML),season_ev_bias_by_role,MEDIUM_DEFENDER,all,,,,,400.0,-0.044543457119930865,1.8000494332564005
Stats-only ML (C-ML),season_ev_bias_by_role,MEDIUM_FORWARD,all,,,,,382.0,-0.4906045227240427,1.3863749593357249
Stats-only ML (C-ML),season_ev_bias_by_role,MIDFIELDER,all,,,,,1908.0,-0.1440821362630124,2.121734131687913
Stats-only ML (C-ML),season_ev_bias_by_role,MIDFIELDER_FORWARD,all,,,,,75.0,-0.13499742515640786,1.9216975680578219
Stats-only ML (C-ML),season_ev_bias_by_role,RUCK,all,,,,,251.0,-0.2556830305482197,1.9244642409856978
Stats-only ML (C-ML),season_ev_bias_by_role,UNKNOWN,all,,,,,37.0,-0.47127990955388716,0.9413129530013374
Stats-only ML (C-ML),season_ev_bias_by_role,KEY_DEFENDER,recent (2022-2026),,,,,63.0,-0.9023444173407608,1.4566010160397067
Stats-only ML (C-ML),season_ev_bias_by_role,KEY_FORWARD,recent (2022-2026),,,,,143.0,-0.1914751212407263,1.2868070302247643
Stats-only ML (C-ML),season_ev_bias_by_role,MEDIUM_DEFENDER,recent (2022-2026),,,,,194.0,0.3070772838142146,1.88549422207776
Stats-only ML (C-ML),season_ev_bias_by_role,MEDIUM_FORWARD,recent (2022-2026),,,,,152.0,-0.4917036669040296,1.4757998986039356
Stats-only ML (C-ML),season_ev_bias_by_role,MIDFIELDER,recent (2022-2026),,,,,459.0,-0.6269088446319663,2.5377613896139413
Stats-only ML (C-ML),season_ev_bias_by_role,MIDFIELDER_FORWARD,recent (2022-2026),,,,,60.0,-0.1300013378881859,1.9899608416592116
Stats-only ML (C-ML),season_ev_bias_by_role,RUCK,recent (2022-2026),,,,,86.0,0.6438737884476484,2.3125230715452694
Stats-only ML (C-ML),season_ev_bias_by_role,UNKNOWN,recent (2022-2026),,,,,4.0,-0.6638404465546488,0.6638404465546488
Baseline (Phase 4 PL),role,KEY_DEFENDER,all,40.0,0.175,0.18409707319481833,0.014875418371141688,,,
Baseline (Phase 4 PL),role,KEY_FORWARD,all,187.0,0.5935828877005348,0.45047848994822143,0.0695425808850874,,,
Baseline (Phase 4 PL),role,MEDIUM_DEFENDER,all,170.0,0.4117647058823529,0.29809584834959235,0.06322052807735218,,,
Baseline (Phase 4 PL),role,MEDIUM_FORWARD,all,158.0,0.43670886075949367,0.3152781371646211,0.05875790256600967,,,
Baseline (Phase 4 PL),role,MIDFIELDER,all,1780.0,0.6297752808988764,0.4166337199779374,0.6619561175158052,,,
Baseline (Phase 4 PL),role,MIDFIELDER_FORWARD,all,43.0,0.5581395348837209,0.3799816595325536,0.015991074748977315,,,
Baseline (Phase 4 PL),role,RUCK,all,131.0,0.4961832061068702,0.35011342330422773,0.04871699516548903,,,
Baseline (Phase 4 PL),role,UNKNOWN,all,180.0,0.5722222222222222,0.4232051030956315,0.0669393826701376,,,
Baseline (Phase 4 PL),role,KEY_DEFENDER,recent (2022-2026),15.0,0.13333333333333333,0.19738486071591227,0.015991471215351813,,,
Baseline (Phase 4 PL),role,KEY_FORWARD,recent (2022-2026),83.0,0.6024096385542169,0.4952036683545079,0.08848614072494669,,,
Baseline (Phase 4 PL),role,MEDIUM_DEFENDER,recent (2022-2026),87.0,0.45977011494252873,0.31771676500723417,0.09275053304904052,,,
Baseline (Phase 4 PL),role,MEDIUM_FORWARD,recent (2022-2026),70.0,0.42857142857142855,0.29389343387658656,0.07462686567164178,,,
Baseline (Phase 4 PL),role,MIDFIELDER,recent (2022-2026),580.0,0.6103448275862069,0.4272094857276989,0.6183368869936035,,,
Baseline (Phase 4 PL),role,MIDFIELDER_FORWARD,recent (2022-2026),31.0,0.5483870967741935,0.3761140635186305,0.03304904051172708,,,
Baseline (Phase 4 PL),role,RUCK,recent (2022-2026),50.0,0.5,0.37089250411639413,0.053304904051172705,,,
Baseline (Phase 4 PL),role,UNKNOWN,recent (2022-2026),22.0,0.6363636363636364,0.4517656038137273,0.023454157782515993,,,
Baseline (Phase 4 PL),margin_bucket,0-12,all,677.0,0.5376661742983752,0.357281865099156,0.2517664559315731,,,
Baseline (Phase 4 PL),margin_bucket,100+,all,60.0,0.7333333333333333,0.5439560390588463,0.022313127556712532,,,
Baseline (Phase 4 PL),margin_bucket,12-24,all,517.0,0.6034816247582205,0.3995432121963266,0.19226478244700632,,,
Baseline (Phase 4 PL),margin_bucket,24-48,all,817.0,0.5924112607099143,0.3947535589148927,0.303830420230569,,,
Baseline (Phase 4 PL),margin_bucket,48-100,all,618.0,0.5922330097087378,0.43444648384404405,0.2298252138341391,,,
Baseline (Phase 4 PL),margin_bucket,0-12,recent (2022-2026),262.0,0.49236641221374045,0.3304594270069988,0.279317697228145,,,
Baseline (Phase 4 PL),margin_bucket,100+,recent (2022-2026),17.0,0.7647058823529411,0.624586146266527,0.01812366737739872,,,
Baseline (Phase 4 PL),margin_bucket,12-24,recent (2022-2026),174.0,0.6091954022988506,0.4112699672446442,0.18550106609808104,,,
Baseline (Phase 4 PL),margin_bucket,24-48,recent (2022-2026),271.0,0.5645756457564576,0.4103542656643773,0.2889125799573561,,,
Baseline (Phase 4 PL),margin_bucket,48-100,recent (2022-2026),214.0,0.6121495327102804,0.46839143847681736,0.2281449893390192,,,
Baseline (Phase 4 PL),losing_team_3voter,False,all,2421.0,0.5923172242874845,0.4062564458502505,0.9003346969133507,,,
Baseline (Phase 4 PL),losing_team_3voter,True,all,268.0,0.5074626865671642,0.33035729465220304,0.09966530308664931,,,
Baseline (Phase 4 PL),losing_team_3voter,False,recent (2022-2026),844.0,0.5841232227488151,0.41715708893992104,0.8997867803837953,,,
Baseline (Phase 4 PL),losing_team_3voter,True,recent (2022-2026),94.0,0.4148936170212766,0.2991542492204738,0.10021321961620469,,,
Baseline (Phase 4 PL),season_ev_bias_by_role,KEY_DEFENDER,all,,,,,179.0,-0.7085470253952384,1.54746863922843
Baseline (Phase 4 PL),season_ev_bias_by_role,KEY_FORWARD,all,,,,,281.0,-0.7977225644290387,1.4729242589664515
Baseline (Phase 4 PL),season_ev_bias_by_role,MEDIUM_DEFENDER,all,,,,,418.0,0.033120394269117844,1.7115250298047107
Baseline (Phase 4 PL),season_ev_bias_by_role,MEDIUM_FORWARD,all,,,,,344.0,-0.8640274511582738,1.4606235629409492
Baseline (Phase 4 PL),season_ev_bias_by_role,MIDFIELDER,all,,,,,1869.0,-0.17813882991263913,2.057458250337304
Baseline (Phase 4 PL),season_ev_bias_by_role,MIDFIELDER_FORWARD,all,,,,,72.0,-0.5215484102764493,1.9925681765682082
Baseline (Phase 4 PL),season_ev_bias_by_role,RUCK,all,,,,,263.0,0.8765575914863971,2.0977669354436976
Baseline (Phase 4 PL),season_ev_bias_by_role,UNKNOWN,all,,,,,10.0,-0.5991540540834781,1.1470502467089132
Baseline (Phase 4 PL),season_ev_bias_by_role,KEY_DEFENDER,recent (2022-2026),,,,,72.0,-0.1812033469399994,1.4971373984977379
Baseline (Phase 4 PL),season_ev_bias_by_role,KEY_FORWARD,recent (2022-2026),,,,,131.0,-0.7453971499528382,1.5361561684512026
Baseline (Phase 4 PL),season_ev_bias_by_role,MEDIUM_DEFENDER,recent (2022-2026),,,,,199.0,0.32234251648277057,1.79145617862789
Baseline (Phase 4 PL),season_ev_bias_by_role,MEDIUM_FORWARD,recent (2022-2026),,,,,139.0,-0.9034829445905327,1.5914734439424825
Baseline (Phase 4 PL),season_ev_bias_by_role,MIDFIELDER,recent (2022-2026),,,,,451.0,-0.5339714570997183,2.4630684634778426
Baseline (Phase 4 PL),season_ev_bias_by_role,MIDFIELDER_FORWARD,recent (2022-2026),,,,,58.0,-0.37007738440272697,2.0251867159056838
Baseline (Phase 4 PL),season_ev_bias_by_role,RUCK,recent (2022-2026),,,,,88.0,1.9972548303520852,2.8805111806633246
