model,experiment,season,n_matches,correct_3,a3_in_top2,a3_in_top3,exact_321,unordered_top3,top3_ev_precision,log_loss_p3,brier_p3,ev_mae,ece_p3,n_player_rows,n_players,season_mae,season_rmse,season_bias,spearman,rank_mae_top30,winner_pred_rank,winner_correct,top3_hit,top3_n,top5_hit,top5_n,top10_hit,top10_n
Structural (A),A_structural_pl,2012,183,0.5628415300546448,0.7868852459016393,0.8579234972677595,0.08196721311475409,0.22404371584699453,0.6575591985428052,1.293664519213564,0.012988817490282169,0.12542622115307117,0.006107582501087052,8052,544,0.9860209851483955,1.6943753899178045,-0.002038279618095956,0.7797363477263984,11.516129032258064,4,False,0.0,3,0.6,5,0.8,10
Structural (A),A_structural_pl,2013,174,0.5747126436781609,0.7586206896551724,0.8390804597701149,0.09770114942528736,0.2471264367816092,0.6685823754789271,1.3705235750878144,0.01321619960460074,0.12721144847583035,0.006576771840440047,7656,571,0.9278545917736765,1.6270020631500328,-0.007242734282793483,0.7960874391931839,10.970588235294118,1,True,1.0,3,0.6,5,0.6,10
Structural (A),A_structural_pl,2014,183,0.6338797814207651,0.7978142076502732,0.8961748633879781,0.12568306010928962,0.3005464480874317,0.7158469945355191,1.1748724656459886,0.0121288714516361,0.11375678442683308,0.005843893650127476,8052,558,0.827278613334356,1.4486112215242273,-0.0053575519555101895,0.7992265192057237,10.3,5,False,0.5,4,0.75,8,0.7,10
Structural (A),A_structural_pl,2015,178,0.5955056179775281,0.7528089887640449,0.8932584269662921,0.10674157303370786,0.25280898876404495,0.6910112359550562,1.2221867142788871,0.012520176830229744,0.11461656374246072,0.004880781321176215,7832,557,0.8115565687460818,1.462087196817644,-0.0049947723544512875,0.80359644306058,12.0,1,True,0.6666666666666666,3,0.8,5,0.7,10
Structural (A),A_structural_pl,2016,179,0.5977653631284916,0.7988826815642458,0.888268156424581,0.09497206703910614,0.2346368715083799,0.6890130353817505,1.2135385052769312,0.012842367920791664,0.10995490289491244,0.002763136747050747,7876,560,0.8509915257605952,1.6634896471060974,-0.002640940164541001,0.7863695829709212,9.833333333333334,1,True,0.6666666666666666,3,0.42857142857142855,7,0.6666666666666666,12
Structural (A),A_structural_pl,2017,181,0.6353591160220995,0.8397790055248618,0.9171270718232044,0.10497237569060773,0.26519337016574585,0.7053406998158379,1.0443181271419748,0.01141219017019997,0.10665125079013327,0.002668000883689016,7964,551,0.8169051288196306,1.5889892199600069,-0.0038962333493907666,0.8036703528911979,9.162162162162161,2,False,1.0,3,0.6,5,0.6,10
Structural (A),A_structural_pl,2018,184,0.5380434782608695,0.75,0.8804347826086957,0.10869565217391304,0.27717391304347827,0.6956521739130433,1.4069811405703092,0.014339837675897464,0.11402140324712921,0.004750581515382122,8096,552,0.9596898033282684,1.9132125428158162,-0.006986145918158388,0.8058623692983776,13.676470588235293,1,True,0.3333333333333333,3,0.2,5,0.6363636363636364,11
Structural (A),A_structural_pl,2019,184,0.6467391304347826,0.8260869565217391,0.907608695652174,0.09782608695652174,0.28804347826086957,0.7119565217391305,1.1000862208828008,0.011334158372409751,0.10375824140002393,0.0034984565350583956,8096,552,0.8126264140382315,1.5253014497441248,-0.005815069008306142,0.7827107808611333,8.612903225806452,3,False,0.75,4,0.6,5,0.8,10
Structural (A),A_structural_pl,2020,125,0.536,0.744,0.896,0.072,0.24,0.656,1.3509177176456333,0.01386516385083211,0.12237071479300857,0.004201765768778813,5500,522,0.7790724969910314,1.4060647168265792,0.004876986390031051,0.7878884952951772,14.578947368421053,1,True,0.5,4,0.625,8,0.8,10
Structural (A),A_structural_pl,2021,180,0.6777777777777778,0.8666666666666667,0.9166666666666666,0.13333333333333333,0.26666666666666666,0.6962962962962963,1.0499649301332876,0.009924764567727092,0.10027830086161096,0.004408717615197054,8280,569,0.8305117028046785,1.6259279650883238,-0.0018572046884842565,0.7736889555368739,7.774193548387097,1,True,0.6666666666666666,3,0.6666666666666666,6,0.9,10
Structural (A),A_structural_pl,2022,183,0.644808743169399,0.8469945355191257,0.9016393442622951,0.06557377049180328,0.24043715846994534,0.692167577413479,1.064281509753659,0.01070653475372668,0.1002591091384513,0.003523942315375754,8418,573,0.8019918122111339,1.5642113398456707,-0.0019513211934599109,0.8058848442119411,14.264705882352942,3,False,0.6666666666666666,3,0.8,5,0.7,10
Structural (A),A_structural_pl,2023,181,0.5248618784530387,0.7182320441988951,0.8232044198895028,0.03867403314917127,0.2154696132596685,0.6279926335174953,1.4724092893102463,0.013265017193400154,0.11750826135429374,0.003454475183847063,8326,573,0.9973045354126937,1.9711257291221973,0.0021138798047969924,0.759854772529964,9.4,6,False,0.3333333333333333,3,0.6,5,0.7,10
Structural (A),A_structural_pl,2024,190,0.5,0.7263157894736842,0.8157894736842105,0.07894736842105263,0.23684210526315788,0.6421052631578947,1.5202408145903283,0.01406510978770052,0.11774055593782236,0.004972602876866895,8740,564,0.9972658823735494,1.943986055777944,-0.002474129468603423,0.7563941068616553,6.911764705882353,2,False,0.6666666666666666,3,0.4,5,0.7,10
Structural (A),A_structural_pl,2025,193,0.5440414507772021,0.7512953367875648,0.8704663212435233,0.06735751295336788,0.18134715025906736,0.6476683937823834,1.38231256836958,0.013280908067289682,0.11568914597548685,0.004190537145250856,8878,559,0.9753998484900898,2.002795969030826,-0.00918738711131102,0.765143950798277,9.2,6,False,0.6666666666666666,3,0.4,5,0.7,10
Structural (A),A_structural_pl,2026,191,0.7120418848167539,0.8848167539267016,0.93717277486911,0.21465968586387435,0.38219895287958117,0.7696335078534033,0.8872619232450899,0.008946853397056153,0.0897502062098692,0.004598239001433985,8786,569,0.7427407233454865,1.4658408220883652,-0.0025147552538535285,0.7691877917136991,5.580645161290323,1,True,1.0,3,0.8571428571428571,7,0.8,10
"Performance ML (B, default params)",B_performance_xgb_rank,2012,183,0.5628415300546448,0.7978142076502732,0.8688524590163934,0.1092896174863388,0.2459016393442623,0.6612021857923497,1.2933862275857049,0.01323115668189783,0.1198916204128846,0.004681639443318747,8052,544,0.9425819786144911,1.7011925974244462,0.0017299601899488975,0.7837439750370612,10.838709677419354,3,False,0.3333333333333333,3,0.8,5,0.8,10
"Performance ML (B, default params)",B_performance_xgb_rank,2013,174,0.5229885057471264,0.7471264367816092,0.8448275862068966,0.05172413793103448,0.20114942528735633,0.6590038314176244,1.3500059301816967,0.013052081161963765,0.12035936398922793,0.0035299150820505706,7656,571,0.9116935696607462,1.6421484174499101,0.0003911628116139777,0.7890477536354097,10.676470588235293,1,True,1.0,3,0.6,5,0.6,10
"Performance ML (B, default params)",B_performance_xgb_rank,2014,183,0.6229508196721312,0.7759562841530054,0.8852459016393442,0.12021857923497267,0.29508196721311475,0.7213114754098362,1.15552805886533,0.012048009598137706,0.10806492530357892,0.004646201329931016,8052,558,0.8042415164112068,1.4425262554338882,-0.0015661344328546396,0.79689224609363,9.266666666666667,7,False,0.5,4,0.75,8,0.7,10
"Performance ML (B, default params)",B_performance_xgb_rank,2015,178,0.5842696629213483,0.7808988764044944,0.8707865168539326,0.08426966292134831,0.25280898876404495,0.6797752808988764,1.2331927590592917,0.012742615859361704,0.10884017934970115,0.0018670783830334794,7832,557,0.8049102338888787,1.5559176529964083,-0.0024553015203244415,0.8005249695285854,12.705882352941176,2,False,0.6666666666666666,3,1.0,5,0.7,10
"Performance ML (B, default params)",B_performance_xgb_rank,2016,179,0.6089385474860335,0.8044692737430168,0.8715083798882681,0.10614525139664804,0.24581005586592178,0.6815642458100558,1.203042928856205,0.012724418403552897,0.11069921363665865,0.004212403178535588,7876,560,0.9071379991333605,1.7408662747996824,-0.001960187523855669,0.7837799313974915,10.36111111111111,1,True,0.3333333333333333,3,0.42857142857142855,7,0.5833333333333334,12
"Performance ML (B, default params)",B_performance_xgb_rank,2017,181,0.6187845303867403,0.8342541436464088,0.8950276243093923,0.11602209944751381,0.26519337016574585,0.7182320441988952,1.1174518368484152,0.011746055664264052,0.10824963915395419,0.003203376743844122,7964,551,0.8344122638311262,1.5852031172914969,-0.002614003132116161,0.7971119802911446,9.837837837837839,1,True,1.0,3,0.6,5,0.6,10
"Performance ML (B, default params)",B_performance_xgb_rank,2018,184,0.5217391304347826,0.7445652173913043,0.8804347826086957,0.10869565217391304,0.27717391304347827,0.6938405797101449,1.3753282306491728,0.013930277590823123,0.11228339907757295,0.0034073890132783405,8096,552,0.92501663477305,1.8240647428512136,-0.005628554011990842,0.8009437199573908,13.235294117647058,1,True,0.3333333333333333,3,0.2,5,0.45454545454545453,11
"Performance ML (B, default params)",B_performance_xgb_rank,2019,184,0.6141304347826086,0.7934782608695652,0.9184782608695652,0.125,0.2826086956521739,0.7065217391304348,1.163660771364719,0.012028266170762334,0.10781618909310078,0.00387915977020947,8096,552,0.8623450367416159,1.638422093905887,-0.005546439220955361,0.7823830970476375,9.64516129032258,2,False,0.75,4,0.6,5,0.7,10
"Performance ML (B, default params)",B_performance_xgb_rank,2020,125,0.552,0.744,0.872,0.096,0.248,0.6586666666666668,1.345374561861396,0.013484100581606366,0.11868642062132677,0.003218758580964448,5500,522,0.753069149018869,1.398568767490922,0.010947495911464674,0.7862952219392947,15.210526315789474,1,True,0.75,4,0.875,8,0.8,10
"Performance ML (B, default params)",B_performance_xgb_rank,2021,180,0.7055555555555556,0.8611111111111112,0.9277777777777778,0.12777777777777777,0.2722222222222222,0.7074074074074075,1.1103792226166047,0.01044332585509504,0.11081585723405184,0.00921292335647517,8280,569,0.8321579089592103,1.6170817389241599,-0.003042822595509646,0.7824808937792112,6.354838709677419,2,False,0.6666666666666666,3,0.5,6,0.8,10
"Performance ML (B, default params)",B_performance_xgb_rank,2022,183,0.5956284153005464,0.819672131147541,0.8797814207650273,0.10382513661202186,0.26229508196721313,0.697632058287796,1.1247848324182983,0.011168330156602629,0.10045023183226302,0.00452811807083823,8418,573,0.7570920997690991,1.4626088074519887,0.00120025134635569,0.8072188897916235,13.529411764705882,4,False,0.3333333333333333,3,0.8,5,0.8,10
"Performance ML (B, default params)",B_performance_xgb_rank,2023,181,0.4861878453038674,0.7182320441988951,0.8342541436464088,0.03314917127071823,0.23204419889502761,0.6408839779005525,1.5577186456187764,0.013795234936324348,0.11749547469148339,0.004135867411019769,8326,573,0.991393723997779,1.967976490044184,0.0021933674285796617,0.7580237677179691,9.233333333333333,6,False,0.6666666666666666,3,0.6,5,0.7,10
"Performance ML (B, default params)",B_performance_xgb_rank,2024,190,0.5263157894736842,0.7157894736842105,0.8157894736842105,0.05263157894736842,0.18947368421052632,0.6333333333333333,1.4805172978899521,0.013602435970794954,0.12789803248092985,0.004770279039334727,8740,564,1.0621125780873883,2.0661631830055103,-0.008747345956402539,0.7592305268402486,6.617647058823529,3,False,0.6666666666666666,3,0.4,5,0.7,10
"Performance ML (B, default params)",B_performance_xgb_rank,2025,193,0.5699481865284974,0.7772020725388601,0.8808290155440415,0.07772020725388601,0.18652849740932642,0.6511226252158894,1.3082056560791842,0.01267037062644724,0.1193909396268911,0.005765934410114746,8878,559,0.9631357281469016,1.909771619438241,-0.011663736333258842,0.7638978193995362,6.9,6,False,0.6666666666666666,3,0.6,5,0.7,10
"Performance ML (B, default params)",B_performance_xgb_rank,2026,191,0.6701570680628273,0.8481675392670157,0.9267015706806283,0.15706806282722513,0.3403141361256545,0.7452006980802793,1.0161214257998976,0.010195816385816516,0.09921645336866868,0.0071676974538998775,8786,569,0.8343875925995002,1.6236337649424026,-0.004710832365974726,0.7654248567904535,5.548387096774194,1,True,0.6666666666666666,3,0.8571428571428571,7,0.8,10
Performance ML (B),B_performance_xgb_rank_tuned,2012,183,0.5683060109289617,0.819672131147541,0.8743169398907104,0.1092896174863388,0.24043715846994534,0.6648451730418943,1.2851113569763328,0.013163410912783136,0.12000666460570952,0.005509875217529792,8052,544,0.9301930931806489,1.6720410374671388,0.0014958194470155483,0.7864319052478208,10.290322580645162,2,False,0.6666666666666666,3,0.8,5,0.8,10
Performance ML (B),B_performance_xgb_rank_tuned,2013,174,0.5172413793103449,0.7471264367816092,0.8275862068965517,0.05172413793103448,0.20114942528735633,0.6570881226053639,1.3383729864632414,0.013132617463331957,0.12090406697092543,0.0034760827448714147,7656,571,0.8914851740068449,1.6089645386843199,0.0005617957696531713,0.793311963926509,10.617647058823529,1,True,1.0,3,0.6,5,0.6,10
Performance ML (B),B_performance_xgb_rank_tuned,2014,183,0.6120218579234973,0.8032786885245902,0.907103825136612,0.11475409836065574,0.28415300546448086,0.7158469945355191,1.1602100809404259,0.012075709196174596,0.10819823251170876,0.004445966077354225,8052,558,0.7924782602443691,1.3895394699473742,-0.001483133690208318,0.7991618996011937,8.766666666666667,5,False,0.5,4,0.75,8,0.7,10
Performance ML (B),B_performance_xgb_rank_tuned,2015,178,0.5786516853932584,0.7696629213483146,0.8651685393258427,0.0898876404494382,0.25842696629213485,0.6928838951310862,1.2334197039868129,0.012759023836149066,0.10863583739214178,0.002107652057397129,7832,557,0.8119613137221614,1.549153186858257,-0.002210586611252492,0.8021540882984586,13.411764705882353,2,False,0.6666666666666666,3,1.0,5,0.6,10
Performance ML (B),B_performance_xgb_rank_tuned,2016,179,0.5586592178770949,0.7988826815642458,0.8994413407821229,0.08379888268156424,0.24022346368715083,0.6852886405959032,1.2173609445061295,0.012960928940218306,0.11170313957223114,0.0032793107906898375,7876,560,0.9096157096754547,1.7530182801174847,-0.001861395035592458,0.7843085047696945,10.38888888888889,1,True,0.3333333333333333,3,0.42857142857142855,7,0.5833333333333334,12
Performance ML (B),B_performance_xgb_rank_tuned,2017,181,0.6353591160220995,0.8453038674033149,0.9116022099447514,0.13259668508287292,0.2541436464088398,0.7071823204419891,1.0697442405063284,0.011375808886818078,0.10601810039213955,0.004206218776237171,7964,551,0.8156758311086828,1.5480402280752588,-0.0025416103557553667,0.7987612492078641,9.297297297297296,1,True,1.0,3,0.6,5,0.7,10
Performance ML (B),B_performance_xgb_rank_tuned,2018,184,0.5108695652173914,0.7608695652173914,0.875,0.10869565217391304,0.2717391304347826,0.6956521739130435,1.339912961997012,0.013703035606483368,0.1115707644999974,0.0028344750536195367,8096,552,0.9063710846948354,1.7912678943216789,-0.005551965621126202,0.8047990189907342,12.970588235294118,1,True,0.3333333333333333,3,0.2,5,0.5454545454545454,11
Performance ML (B),B_performance_xgb_rank_tuned,2019,184,0.6304347826086957,0.7989130434782609,0.907608695652174,0.09782608695652174,0.30434782608695654,0.7192028985507247,1.1485684500933089,0.011962789154609797,0.10630907507312788,0.003721528629847185,8096,552,0.8546343641640612,1.6209111628214068,-0.004353227044663662,0.7826647901504674,9.67741935483871,4,False,0.75,4,0.6,5,0.7,10
Performance ML (B),B_performance_xgb_rank_tuned,2020,125,0.584,0.752,0.856,0.096,0.264,0.6560000000000001,1.3307888239358463,0.01330719922385773,0.11674042234068786,0.0026707771188136656,5500,522,0.7280834780980229,1.3416967856770374,0.009595216075139046,0.7870149108932238,13.473684210526315,1,True,1.0,4,0.875,8,0.9,10
Performance ML (B),B_performance_xgb_rank_tuned,2021,180,0.7055555555555556,0.8388888888888889,0.9222222222222223,0.13333333333333333,0.2777777777777778,0.701851851851852,1.107686269597077,0.010518521087412918,0.10832391722804033,0.0076137410442421154,8280,569,0.831400630338967,1.625082130707107,-0.002450916579709222,0.7829246588944967,6.67741935483871,2,False,0.6666666666666666,3,0.6666666666666666,6,0.9,10
Performance ML (B),B_performance_xgb_rank_tuned,2022,183,0.6174863387978142,0.8032786885245902,0.8688524590163934,0.09836065573770492,0.22950819672131148,0.6775956284153005,1.1320128110812724,0.011122953698265775,0.10107455382805519,0.003913223284559752,8418,573,0.764572360441615,1.4556510114846624,0.0011737853238222699,0.8062618854073257,13.735294117647058,4,False,0.3333333333333333,3,0.8,5,0.8,10
Performance ML (B),B_performance_xgb_rank_tuned,2023,181,0.4696132596685083,0.7182320441988951,0.8121546961325967,0.04419889502762431,0.23204419889502761,0.6335174953959484,1.5468933976956032,0.013965135520188847,0.11814585649193585,0.0035512642647914233,8326,573,1.0066188960745195,1.988604844286705,0.0021873530543707826,0.7622683135346794,9.266666666666667,5,False,0.3333333333333333,3,0.8,5,0.7,10
Performance ML (B),B_performance_xgb_rank_tuned,2024,190,0.5473684210526316,0.7263157894736842,0.8263157894736842,0.07368421052631578,0.20526315789473684,0.636842105263158,1.4740748030613735,0.013566866348244954,0.12732706566332047,0.004808056310511903,8740,564,1.0680597719834717,2.0715468053426638,-0.008728187529390299,0.7592614055016584,6.235294117647059,2,False,0.6666666666666666,3,0.6,5,0.7,10
Performance ML (B),B_performance_xgb_rank_tuned,2025,193,0.5595854922279793,0.7823834196891192,0.8911917098445595,0.08808290155440414,0.20207253886010362,0.6528497409326426,1.3080935565753566,0.012726374636767082,0.11999726529959204,0.005340441870046676,8878,559,0.9472850189026616,1.8682399223456903,-0.012038906453383088,0.7674029859164672,6.366666666666666,6,False,0.6666666666666666,3,0.6,5,0.7,10
Performance ML (B),B_performance_xgb_rank_tuned,2026,191,0.6544502617801047,0.837696335078534,0.93717277486911,0.14659685863874344,0.36649214659685864,0.7556719022687609,1.0251215029541274,0.010216396724108238,0.09960810122821451,0.007459025044985095,8786,569,0.8269104656649132,1.5965913722441956,-0.0039450969066298506,0.7656592946436316,5.516129032258065,1,True,0.6666666666666666,3,0.8571428571428571,7,0.8,10
Stats-only (C),C_stats_only_pl,2012,183,0.5792349726775956,0.7595628415300546,0.8688524590163934,0.1092896174863388,0.26229508196721313,0.6648451730418943,1.3056229362917544,0.012826726181367208,0.12870456885323522,0.006880628535455319,8052,544,0.9728343952449258,1.7039161486144478,-0.0026967977410520586,0.779310229478538,11.64516129032258,3,False,0.3333333333333333,3,0.6,5,0.8,10
Stats-only (C),C_stats_only_pl,2013,174,0.5977011494252874,0.7988505747126436,0.8620689655172413,0.09195402298850575,0.23563218390804597,0.6762452107279693,1.3960322402989582,0.01344436107739608,0.1305612767617107,0.007625364809286049,7656,571,0.9468627293053284,1.6264051190714524,-0.005578502812570795,0.7922125617547987,10.323529411764707,1,True,1.0,3,0.8,5,0.6,10
Stats-only (C),C_stats_only_pl,2014,183,0.6338797814207651,0.7814207650273224,0.8852459016393442,0.12568306010928962,0.26229508196721313,0.7049180327868853,1.205213429954016,0.012293244609506822,0.11689941894661635,0.0071471304307367785,8052,558,0.8656565284866854,1.5357546075489095,-0.00458128003300398,0.7922582517397705,11.133333333333333,6,False,0.5,4,0.75,8,0.6,10
Stats-only (C),C_stats_only_pl,2015,178,0.5955056179775281,0.7752808988764045,0.8820224719101124,0.09550561797752809,0.24719101123595505,0.6928838951310862,1.2277482144641967,0.012479304410303847,0.11677186172834153,0.005275160914626859,7832,557,0.8478101120842814,1.5379364700753329,-0.00423375679043355,0.8004612962959078,12.029411764705882,1,True,0.6666666666666666,3,1.0,5,0.8,10
Stats-only (C),C_stats_only_pl,2016,179,0.5698324022346368,0.7877094972067039,0.8994413407821229,0.0782122905027933,0.2346368715083799,0.6890130353817505,1.234166014978672,0.012837958867248632,0.11315968742245326,0.0038781294472589336,7876,560,0.8760100923542218,1.6859920603425014,-0.0053527460692321255,0.7802684383175967,10.583333333333334,1,True,0.3333333333333333,3,0.42857142857142855,7,0.6666666666666666,12
Stats-only (C),C_stats_only_pl,2017,181,0.6353591160220995,0.8121546961325967,0.9171270718232044,0.11602209944751381,0.2541436464088398,0.710865561694291,1.087490770984829,0.011618649418257196,0.10981262310530822,0.003858763494894772,7964,551,0.834496774634335,1.574839493845164,-0.0032438826226527514,0.7979698843404244,9.72972972972973,2,False,1.0,3,0.6,5,0.6,10
Stats-only (C),C_stats_only_pl,2018,184,0.532608695652174,0.7554347826086957,0.875,0.10869565217391304,0.28804347826086957,0.7065217391304348,1.4246833464074373,0.014398769487977735,0.11473464553252535,0.003053898733605704,8096,552,0.9527699243443543,1.826014655579117,-0.006789098877695511,0.8055381063296787,13.382352941176471,1,True,0.3333333333333333,3,0.2,5,0.5454545454545454,11
Stats-only (C),C_stats_only_pl,2019,184,0.625,0.7934782608695652,0.9021739130434783,0.10869565217391304,0.2608695652173913,0.6974637681159421,1.146469972886895,0.011695335658206032,0.10800280632200936,0.0032087997500025198,8096,552,0.8768079759382601,1.7028601291381211,-0.008755963905818603,0.7775887737519598,9.580645161290322,7,False,0.5,4,0.4,5,0.7,10
Stats-only (C),C_stats_only_pl,2020,125,0.544,0.752,0.872,0.08,0.232,0.6453333333333335,1.3464860421298095,0.01357460490065042,0.12276029531904539,0.003675690651737154,5500,522,0.7693946260014318,1.3646408752119779,0.006637631888781594,0.7881772480759829,13.526315789473685,1,True,0.75,4,0.875,8,0.8,10
Stats-only (C),C_stats_only_pl,2021,180,0.6777777777777778,0.8722222222222222,0.9055555555555556,0.12777777777777777,0.26666666666666666,0.701851851851852,1.0751566455125376,0.010067657256786587,0.10268108949912155,0.005309490238673311,8280,569,0.8263326518460493,1.6099827383151577,-0.0014053903156472569,0.7730099696138056,7.032258064516129,1,True,1.0,3,0.6666666666666666,6,0.9,10
Stats-only (C),C_stats_only_pl,2022,183,0.6885245901639344,0.8524590163934426,0.8907103825136612,0.09836065573770492,0.25136612021857924,0.6976320582877961,1.0584596486304372,0.010640623764897876,0.10169838747239576,0.00425047792702401,8418,573,0.7842359554874893,1.5221438861281005,-4.8131953857541554e-05,0.8065209244678341,14.117647058823529,5,False,0.3333333333333333,3,0.8,5,0.7,10
Stats-only (C),C_stats_only_pl,2023,181,0.5082872928176796,0.7016574585635359,0.8121546961325967,0.04419889502762431,0.2154696132596685,0.6206261510128913,1.5056627340537299,0.013276090774066489,0.11884031467495854,0.0031870285040820757,8326,573,1.0200556968354768,2.0246382402661345,0.0022089042005074663,0.7557158219445831,10.3,8,False,0.3333333333333333,3,0.6,5,0.7,10
Stats-only (C),C_stats_only_pl,2024,190,0.5,0.7105263157894737,0.8263157894736842,0.04736842105263158,0.2,0.6245614035087719,1.5303532936660795,0.014220978891958693,0.11923456957865632,0.004567693656033196,8740,564,1.0378481084541389,2.066247072689191,-0.002081195829061011,0.7552377936672788,7.176470588235294,3,False,0.6666666666666666,3,0.4,5,0.6,10
Stats-only (C),C_stats_only_pl,2025,193,0.5595854922279793,0.7512953367875648,0.8549222797927462,0.05181347150259067,0.16580310880829016,0.6407599309153713,1.3763164691877614,0.013057154877731842,0.11707176010355823,0.0031839971662169938,8878,559,0.994753654098283,2.0620673253770314,-0.00855956076771298,0.7600831147433349,9.4,6,False,0.6666666666666666,3,0.4,5,0.6,10
Stats-only (C),C_stats_only_pl,2026,191,0.7120418848167539,0.8638743455497382,0.93717277486911,0.18848167539267016,0.35602094240837695,0.7521815008726005,0.8894308829554957,0.008947643217496535,0.09251371827086419,0.006072763520088731,8786,569,0.8115266364470732,1.5971229710060646,-0.003598631535410449,0.764937455161074,5.354838709677419,1,True,0.6666666666666666,3,0.8571428571428571,7,0.9,10
Stats-only ML (C-ML),C_stats_only_xgb_rank,2012,183,0.6010928961748634,0.7704918032786885,0.8579234972677595,0.12021857923497267,0.23497267759562843,0.6520947176684883,1.2973499587102313,0.013065568927687734,0.12258802648995062,0.004724476687215525,8052,544,0.9510077934267914,1.6799561668425835,-7.956857710923014e-05,0.7832195152988306,11.709677419354838,3,False,0.3333333333333333,3,0.6,5,0.8,10
Stats-only ML (C-ML),C_stats_only_xgb_rank,2013,174,0.5459770114942529,0.7701149425287356,0.8448275862068966,0.05172413793103448,0.20114942528735633,0.6628352490421455,1.3509772986878779,0.013059555261091703,0.12048444817833501,0.004114216465632975,7656,571,0.8946432446008247,1.596314932003168,-0.0033335253393095825,0.7880102518905021,10.529411764705882,1,True,1.0,3,0.8,5,0.6,10
Stats-only ML (C-ML),C_stats_only_xgb_rank,2014,183,0.6010928961748634,0.8032786885245902,0.8961748633879781,0.07650273224043716,0.2677595628415301,0.7049180327868853,1.1803451638451745,0.012289838872468014,0.11087244999693163,0.0040242417291484,8052,558,0.84554173026448,1.5128299019272022,-0.0029549968545451114,0.7940259222227998,10.133333333333333,8,False,0.5,4,0.75,8,0.7,10
Stats-only ML (C-ML),C_stats_only_xgb_rank,2015,178,0.5955056179775281,0.7696629213483146,0.8707865168539326,0.10674157303370786,0.2640449438202247,0.6891385767790261,1.218845693696882,0.012373058752575973,0.10927806171883803,0.002893693402349191,7832,557,0.8190581142910955,1.567998663558709,-0.0033205370714957066,0.8020879427123798,12.264705882352942,1,True,1.0,3,1.0,5,0.7,10
Stats-only ML (C-ML),C_stats_only_xgb_rank,2016,179,0.6089385474860335,0.776536312849162,0.8770949720670391,0.08379888268156424,0.22346368715083798,0.6871508379888269,1.2200620989960134,0.012873772367862222,0.11157437532103692,0.0035575293313178393,7876,560,0.8660598488457195,1.6468840053579874,-0.00502814439284006,0.7795611681687716,9.75,1,True,0.6666666666666666,3,0.42857142857142855,7,0.5833333333333334,12
Stats-only ML (C-ML),C_stats_only_xgb_rank,2017,181,0.5966850828729282,0.8287292817679558,0.8784530386740331,0.12154696132596685,0.2541436464088398,0.703499079189687,1.1446684124746682,0.012064826669049112,0.10848971511707232,0.0030022505552463733,7964,551,0.8407037513500566,1.6152077698588452,-0.002746321530492928,0.7954339557481024,9.702702702702704,1,True,1.0,3,0.6,5,0.6,10
Stats-only ML (C-ML),C_stats_only_xgb_rank,2018,184,0.5271739130434783,0.7880434782608695,0.8967391304347826,0.10326086956521739,0.28804347826086957,0.6956521739130435,1.3633669229099403,0.013791612081237803,0.11277952314659503,0.003339110667934926,8096,552,0.906786280594941,1.7530762676782188,-0.006845725540776238,0.8041363875528704,12.588235294117647,1,True,0.3333333333333333,3,0.2,5,0.5454545454545454,11
Stats-only ML (C-ML),C_stats_only_xgb_rank,2019,184,0.5978260869565217,0.7663043478260869,0.8967391304347826,0.10869565217391304,0.2826086956521739,0.7047101449275364,1.196954558518951,0.012368657120128005,0.10894696099878556,0.0037515452674710403,8096,552,0.8995998148248046,1.7633008480642476,-0.006945756279491976,0.780999876434452,11.0,5,False,0.5,4,0.6,5,0.6,10
Stats-only ML (C-ML),C_stats_only_xgb_rank,2020,125,0.52,0.744,0.872,0.096,0.216,0.6506666666666667,1.3621814641273344,0.013707356353809217,0.11906071527241198,0.003744911568312552,5500,522,0.7563178638352734,1.4053985268911875,0.006395841976377847,0.7813904250796874,14.894736842105264,1,True,1.0,4,0.75,8,0.8,10
Stats-only ML (C-ML),C_stats_only_xgb_rank,2021,180,0.6833333333333333,0.85,0.9166666666666666,0.13333333333333333,0.2722222222222222,0.7055555555555556,1.1106437771716287,0.010385159845165191,0.1109400750410758,0.009203086015294284,8280,569,0.844111631501709,1.6712210920432389,-0.0036266091564439128,0.7791941266405789,6.548387096774194,1,True,0.6666666666666666,3,0.6666666666666666,6,0.8,10
Stats-only ML (C-ML),C_stats_only_xgb_rank,2022,183,0.6174863387978142,0.825136612021858,0.8907103825136612,0.09836065573770492,0.22950819672131148,0.6885245901639344,1.1149471794980104,0.011073059360036804,0.10076231940728925,0.004375149382025113,8418,573,0.7361205814909315,1.4212945667220467,-0.0011899125107694552,0.8076470615241634,12.411764705882353,5,False,0.3333333333333333,3,0.8,5,0.8,10
Stats-only ML (C-ML),C_stats_only_xgb_rank,2023,181,0.49171270718232046,0.7016574585635359,0.7955801104972375,0.049723756906077346,0.2154696132596685,0.6243093922651933,1.5355096785081364,0.013532994750834243,0.11781508840092882,0.0038546149819780285,8326,573,0.9930279592330904,1.97340204918936,0.002143569916863873,0.7559414117569684,9.233333333333333,7,False,0.3333333333333333,3,0.6,5,0.7,10
Stats-only ML (C-ML),C_stats_only_xgb_rank,2024,190,0.531578947368421,0.7105263157894737,0.8368421052631579,0.06842105263157895,0.19473684210526315,0.6421052631578948,1.4865547288793868,0.013639760276944201,0.1289468381307519,0.004582698380430124,8740,564,1.0866562962499469,2.129116666159976,-0.007527849009839877,0.7564590585287587,6.794117647058823,3,False,0.6666666666666666,3,0.6,5,0.7,10
Stats-only ML (C-ML),C_stats_only_xgb_rank,2025,193,0.5595854922279793,0.7564766839378239,0.8601036269430051,0.07253886010362694,0.18134715025906736,0.6476683937823834,1.3574804508911877,0.012866419766722084,0.12169114358191836,0.005096653816912948,8878,559,1.0055992138141239,2.0018078923160254,-0.012532526252691748,0.7593812221800775,7.466666666666667,7,False,0.6666666666666666,3,0.6,5,0.7,10
Stats-only ML (C-ML),C_stats_only_xgb_rank,2026,191,0.680628272251309,0.8743455497382199,0.9162303664921466,0.17801047120418848,0.3507853403141361,0.7521815008726006,1.0226361341488273,0.010171705599289373,0.10144352072126779,0.007645920178714105,8786,569,0.8807030178579341,1.7143539439207338,-0.006900938755920005,0.7637056590341137,5.580645161290323,1,True,1.0,3,0.7142857142857143,7,0.9,10
Baseline (Phase 4 PL),baseline_phase4_pl_legacy,2012,183,0.5792349726775956,0.7978142076502732,0.8633879781420765,0.12021857923497267,0.22950819672131148,0.6593806921675773,1.2901586529409663,0.01497356415359391,0.14622278456845142,0.007601345892432651,7008,544,0.9259571746476875,1.69715762621675,0.02757352941176342,0.7857031733703976,14.514285714285714,1,True,0.3333333333333333,3,0.6666666666666666,6,0.8,10
Baseline (Phase 4 PL),baseline_phase4_pl_legacy,2013,174,0.5862068965517241,0.7471264367816092,0.8563218390804598,0.08045977011494253,0.20114942528735633,0.6609195402298851,1.3821597941400416,0.01521427610652505,0.14560428422942778,0.008070091068788832,6744,571,0.9106371459454116,1.6325097765723433,0.04203152364273202,0.7883774170807354,10.40625,2,False,0.75,4,0.6,5,0.7,10
Baseline (Phase 4 PL),baseline_phase4_pl_legacy,2014,183,0.6010928961748634,0.8032786885245902,0.907103825136612,0.09289617486338798,0.273224043715847,0.70856102003643,1.1886468829574757,0.013897259367933321,0.1284856227650599,0.007356782620194752,7240,558,0.817609864146593,1.4554971916087152,0.016129032258064696,0.7930657681126109,11.393939393939394,6,False,0.3333333333333333,3,0.4,5,0.6,10
Baseline (Phase 4 PL),baseline_phase4_pl_legacy,2015,178,0.5898876404494382,0.7696629213483146,0.8707865168539326,0.10112359550561797,0.2696629213483146,0.702247191011236,1.2417686507229906,0.01418952108964851,0.1308159664313192,0.0049330674597234106,6953,557,0.7837080365950954,1.4682455882169476,0.03770197486534971,0.7880246422151854,11.066666666666666,1,True,0.75,4,0.8,5,0.7692307692307693,13
Baseline (Phase 4 PL),baseline_phase4_pl_legacy,2016,179,0.5921787709497207,0.7932960893854749,0.9050279329608939,0.10614525139664804,0.2681564245810056,0.7076350093109869,1.2173939860998186,0.014143583120903164,0.12657037942240598,0.0055860229136624456,7061,560,0.8100714346000002,1.6115946586786052,0.023214285714286045,0.7835340473271117,9.65625,1,True,0.3333333333333333,3,0.42857142857142855,7,0.6363636363636364,11
Baseline (Phase 4 PL),baseline_phase4_pl_legacy,2017,181,0.6408839779005525,0.8342541436464088,0.9226519337016574,0.08287292817679558,0.2430939226519337,0.6924493554327807,1.0720700488684192,0.012596417171800097,0.12322705885674337,0.005329898322085591,7177,551,0.799848659601332,1.5196477540591269,0.021778584392014067,0.7933663027925965,8.8125,2,False,1.0,3,0.8,5,0.6,10
Baseline (Phase 4 PL),baseline_phase4_pl_legacy,2018,184,0.5434782608695652,0.7391304347826086,0.8532608695652174,0.13043478260869565,0.31521739130434784,0.6992753623188406,1.4113536887574123,0.016271559684072803,0.1321603300842323,0.004808686954311823,7105,552,0.9406481105375512,1.8826765646256243,0.019927536231900096,0.7962394901724043,13.612903225806452,1,True,0.3333333333333333,3,0.3333333333333333,6,0.5,10
Baseline (Phase 4 PL),baseline_phase4_pl_legacy,2019,184,0.6358695652173914,0.8206521739130435,0.8967391304347826,0.10326086956521739,0.23369565217391305,0.6992753623188406,1.1489054334917634,0.012865665411068743,0.11908862130533862,0.003546056137838084,7304,552,0.8356571304485085,1.591693943123132,0.014492753623188666,0.7778910099762476,10.4,5,False,0.6666666666666666,3,0.6666666666666666,6,0.7,10
Baseline (Phase 4 PL),baseline_phase4_pl_legacy,2020,125,0.52,0.736,0.848,0.072,0.208,0.6533333333333333,1.3848073127809828,0.016050703055761954,0.14358499704044622,0.0033834378431973743,4832,522,0.7578143004838859,1.3821367282185086,0.04597701149425315,0.7692410710524594,12.470588235294118,1,True,0.6666666666666666,3,0.6,5,0.7692307692307693,13
Baseline (Phase 4 PL),baseline_phase4_pl_legacy,2021,180,0.65,0.8555555555555555,0.9222222222222223,0.1388888888888889,0.2777777777777778,0.7166666666666667,1.042346518890284,0.011628652044485255,0.11800142226073117,0.00504605405393467,7200,569,0.7724977456796498,1.5451276004896133,0.017574692442882085,0.7711655472117356,7.46875,1,True,0.75,4,0.8333333333333334,6,0.8,10
Baseline (Phase 4 PL),baseline_phase4_pl_legacy,2022,183,0.6338797814207651,0.8415300546448088,0.8907103825136612,0.1092896174863388,0.26229508196721313,0.7012750455373405,1.0986704351465297,0.012394387458790753,0.11448936110224406,0.005065732871968396,7494,573,0.7617898154574254,1.490940901663546,0.0226876090750436,0.7999207816551146,13.741935483870968,5,False,0.6666666666666666,3,0.8,5,0.8,10
Baseline (Phase 4 PL),baseline_phase4_pl_legacy,2023,181,0.4696132596685083,0.7182320441988951,0.8066298342541437,0.055248618784530384,0.19337016574585636,0.6206261510128914,1.5344650649450016,0.015168369724640415,0.13209817973365567,0.004637562530808889,7631,573,0.9893295306158753,1.998587060531548,0.05061082024432884,0.7400545372390166,11.424242424242424,6,False,0.5,4,0.6,5,0.7,10
Baseline (Phase 4 PL),baseline_phase4_pl_legacy,2024,190,0.49473684210526314,0.6947368421052632,0.8368421052631579,0.05789473684210526,0.2,0.619298245614035,1.532273598791937,0.015994663875247898,0.13404210747076886,0.005554299431573433,7890,564,1.0444468294677387,2.09527729465936,0.03900709219858145,0.7365626958568325,9.333333333333334,2,False,0.6666666666666666,3,0.6,5,0.75,12
Baseline (Phase 4 PL),baseline_phase4_pl_legacy,2025,193,0.5544041450777202,0.7668393782383419,0.8704663212435233,0.046632124352331605,0.15025906735751296,0.6303972366148533,1.3892070216873709,0.014851816256624134,0.13257001981635108,0.0037805957802429374,7916,559,0.9674676108416027,1.9971070363462138,0.033989266547400754,0.7475615731302078,9.0,9,False,0.5,4,0.6666666666666666,6,0.5,10
Baseline (Phase 4 PL),baseline_phase4_pl_legacy,2026,191,0.7015706806282722,0.8743455497382199,0.9476439790575916,0.17277486910994763,0.3769633507853403,0.7661431064572426,0.9140525989930901,0.010748136611734896,0.1050226689639002,0.005510665667170706,7736,569,0.7398861298335205,1.422540064824682,0.03866432337433659,0.7568025468616343,5.466666666666667,1,True,1.0,3,0.8333333333333334,6,0.8,10
