match_id,season,round,player_name,team_id,p3,p2,p1,p0,expected_votes,most_likely,key_drivers
2026_R0_gold_coast_v_geelong_2026-03-06,2026,0,Christian Petracca,gold_coast,0.8879822176390116,0.1015884351343171,0.00964579786461803,0.0007835493620532274,2.8767693210502867,3,winning team; disposals=34 (match z=2.2); contested possessions=15 (match z=2.5); clearances=6 (match z=1.9); goals=3 (match z=2.0); inside 50s=10 (match z=3.0); contested marks=1 (match z=1.6).
2026_R0_sydney_v_carlton_2026-03-05,2026,0,Justin McInerney,sydney,0.846008310560041,0.13431758111735226,0.017626184235530046,0.002047924087076696,2.8242862781503573,3,winning team; disposals=31 (match z=2.3); goals=3 (match z=2.5).
2026_R0_greater_western_sydney_v_hawthorn_2026-03-07,2026,0,Jake Stringer,greater_western_sydney,0.7500890061375047,0.19904264784957826,0.04225424147732996,0.008614104535587051,2.690606555589001,3,winning team; goals=5 (match z=3.6). Uncertainty: teammate Lachie Whitfield also had a big disposal count.
2026_R0_st_kilda_v_collingwood_2026-03-08,2026,0,Nick Daicos,collingwood,0.716319105654027,0.21568495750587238,0.05374173504559607,0.01425420179450454,2.6340689670194215,3,winning team; disposals=41 (match z=2.7); clearances=4 (match z=1.9); inside 50s=5 (match z=1.6).
2026_R0_brisbane_lions_v_western_bulldogs_2026-03-07,2026,0,Ed Richards,western_bulldogs,0.6818887618653424,0.2325816620056737,0.06584888741332295,0.01968068871566092,2.5766784970206977,3,winning team; disposals=30 (match z=1.6); clearances=7 (match z=2.4); inside 50s=10 (match z=3.5); marks=8 (match z=1.6).
2026_R1_sydney_v_brisbane_lions_2026-03-14,2026,1,Joel Amartey,sydney,0.7785798065723613,0.17575882439276092,0.03695474047313216,0.008706628561745672,2.7242118089757374,3,winning team; goals=5 (match z=4.7); contested marks=3 (match z=3.6); marks=8 (match z=1.6). Uncertainty: teammate Riley Bice also had a big disposal count.
2026_R1_gold_coast_v_west_coast_2026-03-15,2026,1,Christian Petracca,gold_coast,0.6747664950349945,0.25830231272532733,0.05765864996810052,0.009272542271577616,2.5985627605237394,3,winning team; contested possessions=12 (match z=1.7); clearances=6 (match z=2.4); goals=4 (match z=3.0); inside 50s=8 (match z=3.2). Uncertainty: teammate Noah Anderson also had a big disposal count.
2026_R1_melbourne_v_st_kilda_2026-03-15,2026,1,Jacob van Rooyen,melbourne,0.6606157149484666,0.25617543909701235,0.07168447332753347,0.011524372626987578,2.565882496366958,3,winning team; goals=6 (match z=4.3). Uncertainty: teammate Christian Salem also had a big disposal count.
2026_R1_collingwood_v_adelaide_2026-03-14,2026,1,Nick Daicos,collingwood,0.6481102574251671,0.2399122985732453,0.0799691426040708,0.032008301397516745,2.504124512026063,3,losing team; disposals=33 (match z=2.1); clearances=4 (match z=1.5); goals=2 (match z=1.8); inside 50s=10 (match z=3.8).
2026_R1_western_bulldogs_v_greater_western_sydney_2026-03-14,2026,1,Marcus Bontempelli,western_bulldogs,0.5384304800335623,0.4212108359458833,0.03826284240530232,0.0020958416152520518,2.495975954397756,3,winning team; disposals=33 (match z=2.2); contested possessions=14 (match z=3.0); clearances=6 (match z=2.0); goals=3 (match z=2.0); inside 50s=11 (match z=3.8).
2026_R1_carlton_v_richmond_2026-03-12,2026,1,Patrick Cripps,carlton,0.4572305039451756,0.27850279273511863,0.14831093285547423,0.11595577046423153,2.077008030161238,3,winning team; disposals=32 (match z=2.2); contested possessions=19 (match z=3.3); clearances=9 (match z=3.3).
2026_R1_western_bulldogs_v_greater_western_sydney_2026-03-14,2026,1,Aaron Naughton,western_bulldogs,0.4287947213856498,0.5141439967591205,0.053664201389165375,0.0033970804660643644,2.3683363590643554,2,winning team; goals=6 (match z=4.5); contested marks=5 (match z=5.2); marks=11 (match z=1.9). Uncertainty: teammate Marcus Bontempelli also had a big disposal count.
2026_R1_north_melbourne_v_port_adelaide_2026-03-15,2026,1,Harry Sheezel,north_melbourne,0.36385235043344333,0.28656675868812936,0.18398229242996567,0.16559859844846164,1.8486728611065544,3,winning team; disposals=31 (match z=2.5); clearances=5 (match z=1.7).
2026_R1_essendon_v_hawthorn_2026-03-13,2026,1,Nick Watson,hawthorn,0.34143132092267225,0.2730628449678665,0.1801560871648233,0.20534974694463798,1.750575739868573,3,winning team; tackles=5 (match z=1.6); goals=4 (match z=3.0). Uncertainty: teammate James Sicily also had a big disposal count.
2026_R1_north_melbourne_v_port_adelaide_2026-03-15,2026,1,Dylan Stephens,north_melbourne,0.30470836215130886,0.2797009448509755,0.20051693980671526,0.2150737531910003,1.6740439159625928,3,winning team; disposals=29 (match z=2.2); marks=11 (match z=2.4).
2026_R10_west_coast_v_greater_western_sydney_2026-05-17,2026,10,Harley Reid,west_coast,0.9536100699573802,0.04501140790852784,0.0013558028107960604,2.2719323295920238e-05,2.9522088284999923,3,winning team; disposals=34 (match z=2.5); contested possessions=19 (match z=2.8); clearances=10 (match z=3.1); tackles=8 (match z=1.8); goals=2 (match z=1.8); inside 50s=12 (match z=4.5).
2026_R10_carlton_v_western_bulldogs_2026-05-16,2026,10,Patrick Cripps,carlton,0.8350432629162752,0.14214404894985005,0.020181174969806103,0.002631513164068667,2.8095990616183317,3,winning team; disposals=29 (match z=2.2); contested possessions=17 (match z=3.6); clearances=8 (match z=3.4); goals=2 (match z=2.0); inside 50s=5 (match z=1.8).
2026_R10_brisbane_lions_v_geelong_2026-05-14,2026,10,Shaun Mannagh,geelong,0.810813551161955,0.18645398327957785,0.0027069116502252298,2.555390824194887e-05,2.8080555316952465,3,winning team; disposals=30 (match z=1.8); goals=5 (match z=4.1); inside 50s=7 (match z=2.0).
2026_R10_sydney_v_collingwood_2026-05-15,2026,10,Brodie Grundy,sydney,0.6503205692556099,0.27695585216677815,0.06455231482657431,0.00817126375103766,2.5694257269269603,3,winning team; disposals=34 (match z=2.2); contested possessions=24 (match z=4.1); clearances=12 (match z=3.9).
2026_R10_adelaide_v_north_melbourne_2026-05-16,2026,10,Izak Rankine,adelaide,0.6058698731201873,0.26649524906626665,0.09378014790867924,0.03385472990486686,2.4443802654017746,3,winning team; disposals=28 (match z=2.1); contested possessions=15 (match z=3.0); clearances=10 (match z=3.7); inside 50s=7 (match z=2.7).
2026_R10_essendon_v_fremantle_2026-05-17,2026,10,Patrick Voss,fremantle,0.40948903970222206,0.2952720911067589,0.17021624883311423,0.12502262035790482,1.989227550153298,3,winning team; goals=5 (match z=4.6). Uncertainty: teammate Murphy Reid also had a big disposal count.
2026_R10_st_kilda_v_richmond_2026-05-17,2026,10,Hugo Garcia,st_kilda,0.37032477544315645,0.2787531858793545,0.17918664239600118,0.17173539628148787,1.8476673404841795,3,winning team; contested possessions=16 (match z=3.0); clearances=10 (match z=3.9); tackles=7 (match z=2.7); goals=2 (match z=1.6). Uncertainty: teammate Jack Macrae also had a big disposal count.
2026_R10_gold_coast_v_port_adelaide_2026-05-15,2026,10,Noah Anderson,gold_coast,0.3211087127941443,0.25297845078696785,0.18677349345336386,0.23913934296552397,1.6560565334097326,3,winning team; disposals=33 (match z=2.1); clearances=8 (match z=2.5).
2026_R11_collingwood_v_west_coast_2026-05-23,2026,11,Nick Daicos,collingwood,0.9445348336484787,0.05325089578330961,0.0021488461895925078,6.542437861920339e-05,2.942255138701648,3,winning team; disposals=34 (match z=2.7); clearances=7 (match z=2.0); goals=3 (match z=2.7); inside 50s=5 (match z=1.6).
2026_R11_western_bulldogs_v_melbourne_2026-05-24,2026,11,Ed Richards,western_bulldogs,0.7622707791768062,0.20641515949497496,0.028280883079211373,0.003033178249007472,2.72792353959958,3,winning team; disposals=30 (match z=2.1); contested possessions=13 (match z=1.8); clearances=10 (match z=3.2); goals=3 (match z=3.0); inside 50s=10 (match z=3.7).
2026_R11_geelong_v_sydney_2026-05-23,2026,11,Max Holmes,geelong,0.46224675848866964,0.309041187228664,0.16118449013025513,0.06752756415241126,2.1660071400535923,3,winning team; disposals=35 (match z=2.4); contested possessions=13 (match z=2.1); clearances=8 (match z=2.9); inside 50s=6 (match z=1.9).
2026_R11_port_adelaide_v_carlton_2026-05-23,2026,11,Jason Horne-Francis,port_adelaide,0.4496221897811308,0.3894599330128611,0.12619011655948456,0.03472776064652358,2.253976551928599,3,losing team; disposals=32 (match z=2.2); contested possessions=16 (match z=2.9); clearances=8 (match z=3.1); goals=3 (match z=3.4); inside 50s=8 (match z=3.0).
2026_R11_port_adelaide_v_carlton_2026-05-23,2026,11,Patrick Cripps,carlton,0.4255881748970459,0.4014276034929354,0.134585791383443,0.038398430226575686,2.2142055230604516,3,winning team; disposals=32 (match z=2.2); contested possessions=17 (match z=3.1); clearances=8 (match z=3.1).
2026_R11_greater_western_sydney_v_brisbane_lions_2026-05-24,2026,11,Clayton Oliver,greater_western_sydney,0.409326587099879,0.3208449646817208,0.1743519253066137,0.09547652291178649,2.0440216159696925,3,winning team; disposals=37 (match z=2.6); contested possessions=23 (match z=4.0); clearances=11 (match z=3.3); tackles=8 (match z=1.9).
2026_R11_hawthorn_v_adelaide_2026-05-21,2026,11,Jordan Dawson,adelaide,0.3445453421604173,0.2844870440681491,0.18586957341313665,0.1850980403582969,1.7884796880306866,3,losing team; disposals=28 (match z=1.9); contested possessions=12 (match z=2.2); tackles=9 (match z=2.4); inside 50s=7 (match z=2.5).
2026_R11_greater_western_sydney_v_brisbane_lions_2026-05-24,2026,11,Toby Greene,greater_western_sydney,0.341512547189435,0.32276050779597193,0.2009966409255273,0.13473030408906575,1.8710552980857762,3,winning team; goals=5 (match z=3.1). Uncertainty: teammate Clayton Oliver also had a big disposal count.
2026_R11_hawthorn_v_adelaide_2026-05-21,2026,11,Blake Hardwick,hawthorn,0.3255017062349026,0.2822429876454644,0.19083412379724937,0.20142118232238362,1.731825217792886,3,winning team; goals=4 (match z=4.6); contested marks=2 (match z=2.3); marks=6 (match z=1.6). Uncertainty: teammate Cam Mackenzie also had a big disposal count.
2026_R11_richmond_v_essendon_2026-05-22,2026,11,Darcy Parish,essendon,0.32539549374709753,0.26788083606486623,0.20411718202133128,0.20260648816670496,1.7160653353923563,3,losing team; disposals=41 (match z=2.7); contested possessions=16 (match z=3.6); clearances=9 (match z=3.6); inside 50s=6 (match z=2.3).
2026_R11_north_melbourne_v_gold_coast_2026-05-23,2026,11,Luke Davies-Uniacke,north_melbourne,0.31996006337037153,0.2601634761503852,0.1939998992541681,0.22587656122507516,1.674207041666053,3,winning team; disposals=30 (match z=2.0); contested possessions=10 (match z=1.6); clearances=7 (match z=1.8); tackles=8 (match z=2.4); inside 50s=7 (match z=2.1).
2026_R12_sydney_v_richmond_2026-05-30,2026,12,Isaac Heeney,sydney,0.942246030539303,0.05629979474697676,0.0014497650428622788,4.409670857959385e-06,2.940787446154725,3,winning team; disposals=32 (match z=2.3); clearances=5 (match z=1.8); tackles=7 (match z=2.7); goals=5 (match z=2.7); inside 50s=9 (match z=3.2).
2026_R12_melbourne_v_greater_western_sydney_2026-05-31,2026,12,Finn Callaghan,greater_western_sydney,0.7171662335563943,0.21550447125172484,0.05375155644313419,0.013577738748746668,2.636259199615767,3,winning team; disposals=31 (match z=2.1); inside 50s=6 (match z=2.3).
2026_R12_carlton_v_geelong_2026-05-29,2026,12,Patrick Cripps,carlton,0.4682609151983791,0.3040556372359693,0.1526949183999315,0.07498852916572013,2.1655889384670073,3,winning team; disposals=30 (match z=1.9); contested possessions=15 (match z=3.6); clearances=8 (match z=3.2).
2026_R12_western_bulldogs_v_collingwood_2026-05-30,2026,12,Nick Daicos,collingwood,0.3298056782070296,0.24632542327586648,0.17491621071534388,0.24895268780176008,1.6569840918881658,3,losing team; disposals=37 (match z=2.7); contested possessions=12 (match z=2.1); clearances=5 (match z=1.6); inside 50s=6 (match z=1.7).
2026_R12_st_kilda_v_hawthorn_2026-05-28,2026,12,James Sicily,hawthorn,0.3276803378052562,0.2474842045393767,0.1757833114485225,0.24905214620684463,1.6537927339430445,3,winning team; disposals=33 (match z=2.1); marks=10 (match z=2.3).
2026_R13_gold_coast_v_brisbane_lions_2026-06-06,2026,13,Logan Morris,brisbane_lions,0.8912382907625576,0.1072875327397893,0.0014612003486761155,1.2976148977019136e-05,2.8897511381159275,3,winning team; goals=7 (match z=5.1); inside 50s=6 (match z=2.0); contested marks=4 (match z=4.3); marks=9 (match z=1.7). Uncertainty: teammate Lachie Neale also had a big disposal count.
2026_R13_adelaide_v_geelong_2026-06-04,2026,13,Jordan Dawson,adelaide,0.6145222076345199,0.2548099291503894,0.09153215915945154,0.039135704055639126,2.44471864036379,3,winning team; tackles=9 (match z=2.3); goals=3 (match z=3.4); contested marks=2 (match z=2.1); marks=7 (match z=2.5).
2026_R13_sydney_v_st_kilda_2026-06-07,2026,13,Isaac Heeney,sydney,0.5996043506727672,0.2587532646838245,0.09778426244435535,0.04385812219905298,2.414103843830306,3,winning team; disposals=30 (match z=1.6); clearances=8 (match z=2.5); tackles=6 (match z=1.7).
2026_R13_north_melbourne_v_fremantle_2026-06-06,2026,13,Patrick Voss,fremantle,0.5183564819309207,0.2726325747887479,0.1285787749703172,0.08043216831001423,2.228913370340575,3,winning team; goals=4 (match z=3.1); inside 50s=6 (match z=2.5); marks=10 (match z=2.2). Uncertainty: teammate Andrew Brayshaw also had a big disposal count.
2026_R13_collingwood_v_melbourne_2026-06-08,2026,13,Nick Daicos,collingwood,0.4757870109391828,0.410315134045776,0.09649548644205297,0.01740236857298816,2.344486787351153,3,losing team; disposals=35 (match z=2.7); contested possessions=12 (match z=2.0); clearances=6 (match z=2.3); goals=2 (match z=1.7); inside 50s=7 (match z=2.0).
2026_R13_collingwood_v_melbourne_2026-06-08,2026,13,Kysaiah Pickett,melbourne,0.43582250496185926,0.434822874060391,0.10839539410894394,0.020959226868805803,2.2855086571153036,3,winning team; disposals=28 (match z=1.7); clearances=5 (match z=1.8); goals=3 (match z=2.9).
2026_R13_hawthorn_v_western_bulldogs_2026-06-05,2026,13,Bailey Dale,western_bulldogs,0.40518336188226894,0.29797111212623995,0.1792899107815895,0.11755561520990165,1.9907822206808763,3,winning team; disposals=36 (match z=2.4).
2026_R13_west_coast_v_port_adelaide_2026-06-06,2026,13,Jason Horne-Francis,port_adelaide,0.3811132631096109,0.2553315011775065,0.16180490965824812,0.20175032605463444,1.815807701342094,3,winning team; goals=3 (match z=3.3). Uncertainty: teammate Zak Butters also had a big disposal count.
2026_R14_western_bulldogs_v_adelaide_2026-06-11,2026,14,Jordan Dawson,adelaide,0.9525978086515676,0.045566243346999186,0.001779119022586238,5.68289788469528e-05,2.9507050316712875,3,winning team; disposals=32 (match z=2.0); contested possessions=17 (match z=3.1); clearances=7 (match z=2.3); tackles=8 (match z=2.3); goals=3 (match z=2.4); inside 50s=6 (match z=1.7).
2026_R14_richmond_v_brisbane_lions_2026-06-14,2026,14,Will Ashcroft,brisbane_lions,0.9345810667409222,0.062008673912918144,0.003273881011959024,0.00013637833420060376,2.931034429060562,3,winning team; disposals=38 (match z=3.2); clearances=8 (match z=3.1); marks=10 (match z=2.0).
2026_R14_melbourne_v_essendon_2026-06-13,2026,14,Kysaiah Pickett,melbourne,0.8954431178217506,0.09874494713875329,0.005575165767740191,0.0002367692717559558,2.8893944135104985,3,winning team; disposals=32 (match z=1.9); goals=3 (match z=3.6); inside 50s=5 (match z=1.6).
2026_R14_north_melbourne_v_west_coast_2026-06-13,2026,14,Harry Sheezel,north_melbourne,0.8468377459689975,0.13297989824766054,0.017870710525048263,0.0023116452582936688,2.824343744927362,3,winning team; disposals=33 (match z=3.1); contested possessions=15 (match z=2.6); clearances=10 (match z=3.4); inside 50s=9 (match z=3.9).
2026_R14_geelong_v_gold_coast_2026-06-12,2026,14,Max Holmes,geelong,0.7006194711991447,0.23113347235313336,0.055601170671113406,0.012645885776608537,2.619726528974814,3,winning team; disposals=31 (match z=2.3).
2026_R14_st_kilda_v_greater_western_sydney_2026-06-14,2026,14,Nasiah Wanganeen-Milera,st_kilda,0.4308507129664228,0.3433992388179915,0.155070547684396,0.07067950053118977,2.1344211642196473,3,winning team; disposals=32 (match z=1.9).
2026_R14_st_kilda_v_greater_western_sydney_2026-06-14,2026,14,Liam Ryan,st_kilda,0.3722645155931992,0.357564480522798,0.1780173367657242,0.09215366711827863,2.009939844590918,3,winning team; goals=6 (match z=4.2); contested marks=2 (match z=2.0). Uncertainty: teammate Nasiah Wanganeen-Milera also had a big disposal count.
2026_R14_port_adelaide_v_sydney_2026-06-13,2026,14,Isaac Heeney,sydney,0.3084267381642771,0.23479202385366632,0.17184230641740883,0.2849389315646477,1.5667065686175727,3,winning team; disposals=30 (match z=2.1).
2026_R15_collingwood_v_port_adelaide_2026-06-20,2026,15,Nick Daicos,collingwood,0.9004584862854217,0.09559736915216915,0.003833610839630012,0.00011053372277914546,2.8964038080002337,3,winning team; disposals=41 (match z=3.1); contested possessions=14 (match z=2.8); clearances=9 (match z=3.5); inside 50s=6 (match z=1.8).
2026_R15_fremantle_v_geelong_2026-06-18,2026,15,Luke Jackson,fremantle,0.8924660249585754,0.1030222477137874,0.0043731707897829665,0.00013855653785422185,2.887815741093084,3,winning team; disposals=28 (match z=1.9); contested possessions=15 (match z=3.2); clearances=6 (match z=2.8); tackles=9 (match z=3.6); goals=3 (match z=2.5). Uncertainty: teammate Andrew Brayshaw also had a big disposal count.
2026_R15_gold_coast_v_hawthorn_2026-06-19,2026,15,Jai Newcombe,hawthorn,0.7103017764944194,0.22809755536645537,0.05054170039128934,0.011058967747835893,2.637642140607458,3,winning team; disposals=31 (match z=1.7); contested possessions=17 (match z=2.7); clearances=10 (match z=3.8).
2026_R15_st_kilda_v_western_bulldogs_2026-06-21,2026,15,Marcus Bontempelli,western_bulldogs,0.6555341947644313,0.2674321101936702,0.0643869967509147,0.012646698290983804,2.565853801431549,3,winning team; disposals=34 (match z=1.7); contested possessions=15 (match z=2.4); clearances=13 (match z=4.1); tackles=7 (match z=2.6).
2026_R15_richmond_v_north_melbourne_2026-06-21,2026,15,Caleb Daniel,north_melbourne,0.5258958653217501,0.2967108980209356,0.12448458910149204,0.052908647555822225,2.2955939811086137,3,winning team; disposals=40 (match z=3.1); marks=16 (match z=3.6).
2026_R15_adelaide_v_melbourne_2026-06-20,2026,15,Max Gawn,melbourne,0.3067547532958285,0.22459300541046745,0.16048913745362947,0.3081631038400745,1.5299394081620499,3,losing team; disposals=28 (match z=1.8); contested possessions=15 (match z=3.0); clearances=7 (match z=2.8); inside 50s=6 (match z=1.8).
2026_R16_collingwood_v_richmond_2026-06-27,2026,16,Nick Daicos,collingwood,0.9689994844538516,0.03033452715517286,0.0006552458854971717,1.074250547832261e-05,2.9683227535573984,3,winning team; disposals=37 (match z=2.9); contested possessions=11 (match z=2.0); clearances=7 (match z=3.3); goals=3 (match z=2.2); inside 50s=9 (match z=3.3).
2026_R16_port_adelaide_v_adelaide_2026-06-27,2026,16,Zak Butters,port_adelaide,0.8967993731449959,0.09805178678520339,0.005019693228889996,0.00012914684091069883,2.8915213862342846,3,winning team; disposals=37 (match z=3.9); contested possessions=23 (match z=4.5); clearances=13 (match z=4.6); tackles=7 (match z=1.6); inside 50s=11 (match z=4.3).
2026_R16_north_melbourne_v_essendon_2026-06-28,2026,16,Harry Sheezel,north_melbourne,0.8521995200577455,0.13145199883625777,0.01498094193038916,0.0013675391756076058,2.834483499776141,3,winning team; disposals=43 (match z=3.0); contested possessions=13 (match z=3.1); tackles=8 (match z=2.8); marks=12 (match z=2.4).
2026_R16_carlton_v_west_coast_2026-06-27,2026,16,Patrick Cripps,carlton,0.7055452872352548,0.21938474567571586,0.058840767488408996,0.01622919960062036,2.6142461205456047,3,winning team; disposals=31 (match z=2.3); contested possessions=16 (match z=2.9); clearances=9 (match z=2.5); tackles=6 (match z=2.7); contested marks=2 (match z=2.5).
2026_R16_brisbane_lions_v_sydney_2026-06-25,2026,16,Chad Warner,sydney,0.6595241978463627,0.24858498271979468,0.07113266381540165,0.020758155618440938,2.5468752227940796,3,losing team; disposals=28 (match z=1.7); contested possessions=14 (match z=2.1); clearances=8 (match z=2.5); tackles=7 (match z=2.0); goals=4 (match z=3.2); inside 50s=8 (match z=2.6).
2026_R16_fremantle_v_gold_coast_2026-06-28,2026,16,Andrew Brayshaw,fremantle,0.6054639251176513,0.2502178384400184,0.09575230255362949,0.048565933888700785,2.4125797547866203,3,winning team; disposals=29 (match z=1.8); tackles=6 (match z=1.8); inside 50s=8 (match z=3.4); marks=9 (match z=2.3).
2026_R16_hawthorn_v_greater_western_sydney_2026-06-26,2026,16,Jai Newcombe,hawthorn,0.32588029993643336,0.258883210206007,0.1869831726108961,0.22825331724666348,1.6823904928322102,3,winning team; disposals=31 (match z=1.8); contested possessions=21 (match z=3.8); clearances=15 (match z=4.8).
2026_R17_hawthorn_v_melbourne_2026-07-04,2026,17,Jacob van Rooyen,melbourne,0.9376769198711414,0.05930776318154479,0.002906382869193546,0.00010893407812022707,2.9345526688457073,3,winning team; contested possessions=14 (match z=2.3); goals=5 (match z=3.2); contested marks=4 (match z=2.4).
2026_R17_sydney_v_western_bulldogs_2026-07-03,2026,17,Charlie Curnow,sydney,0.9131995479148725,0.09245496258582424,0.007404582606452592,0.0,2.9319131515227186,3,winning team; goals=6 (match z=5.2); contested marks=4 (match z=3.7); marks=9 (match z=2.2). Uncertainty: teammate Errol Gulden also had a big disposal count.
2026_R17_essendon_v_st_kilda_2026-07-05,2026,17,Nasiah Wanganeen-Milera,st_kilda,0.9057957298044876,0.08836282779429214,0.00562146047807295,0.0002199819231472758,2.8997343054801203,3,winning team; disposals=46 (match z=3.3); contested possessions=10 (match z=1.8); inside 50s=6 (match z=2.0); contested marks=2 (match z=2.6).
2026_R17_gold_coast_v_collingwood_2026-07-04,2026,17,Nick Daicos,collingwood,0.8507158248520084,0.12895814121040688,0.017809925719545858,0.0025161082180388955,2.8278736826963846,3,winning team; disposals=31 (match z=1.9); contested possessions=11 (match z=1.5); clearances=8 (match z=3.0); inside 50s=6 (match z=2.0).
2026_R17_west_coast_v_adelaide_2026-07-03,2026,17,Jordan Dawson,adelaide,0.7408501063999136,0.20453139629588607,0.04516332863309522,0.009455168671105157,2.6767764404246077,3,winning team; disposals=27 (match z=2.4); clearances=6 (match z=1.9); tackles=8 (match z=2.3); inside 50s=9 (match z=3.7).
2026_R17_port_adelaide_v_north_melbourne_2026-07-05,2026,17,Harry Sheezel,north_melbourne,0.6975720252059702,0.22708058976547862,0.06055483668362574,0.014792548344925466,2.6074320918324934,3,losing team; disposals=40 (match z=3.1); contested possessions=12 (match z=1.8); clearances=6 (match z=2.2); tackles=9 (match z=3.2); inside 50s=5 (match z=1.6).
2026_R17_greater_western_sydney_v_fremantle_2026-07-04,2026,17,Jake Stringer,greater_western_sydney,0.6882176753096011,0.2427403007558565,0.05841062635969932,0.010631397574843077,2.6085442538002157,3,winning team; goals=7 (match z=5.1). Uncertainty: teammate Clayton Oliver also had a big disposal count.
2026_R17_richmond_v_carlton_2026-07-04,2026,17,George Hewett,carlton,0.44212971402471724,0.2820988179485292,0.15711530747623553,0.11865616055051803,2.0477020854474457,3,winning team; disposals=26 (match z=2.0); tackles=9 (match z=3.3); goals=2 (match z=2.2).
2026_R18_melbourne_v_richmond_2026-07-12,2026,18,Jacob van Rooyen,melbourne,0.8559213645362568,0.1278067174373249,0.014886458613341026,0.0013854594130772828,2.838263987096761,3,winning team; goals=6 (match z=5.1); contested marks=3 (match z=3.0); marks=10 (match z=2.7). Uncertainty: teammate Jake Bowey also had a big disposal count.
2026_R18_brisbane_lions_v_essendon_2026-07-12,2026,18,Will Ashcroft,brisbane_lions,0.7814188723626088,0.2112333286190699,0.007187677783154134,0.00016012123516719826,2.7739109521091203,3,winning team; disposals=33 (match z=2.4); contested possessions=12 (match z=2.3); clearances=8 (match z=3.2); goals=3 (match z=2.4); inside 50s=6 (match z=1.9). Uncertainty: teammate Lachie Neale also had a big disposal count.
2026_R18_greater_western_sydney_v_geelong_2026-07-11,2026,18,Shaun Mannagh,geelong,0.5543327612144583,0.28089399048817587,0.11596193099110536,0.04881131730626048,2.3407481956108325,3,losing team; disposals=33 (match z=2.1); contested possessions=13 (match z=1.6); clearances=7 (match z=2.3); goals=4 (match z=3.7).
2026_R18_adelaide_v_gold_coast_2026-07-11,2026,18,Izak Rankine,adelaide,0.5344801291609119,0.2875967101319146,0.12787131751042372,0.05005184319674974,2.3065051252569884,3,winning team; disposals=31 (match z=2.2); contested possessions=14 (match z=2.2); clearances=7 (match z=2.0); tackles=8 (match z=1.9); inside 50s=8 (match z=3.2).
2026_R18_fremantle_v_sydney_2026-07-09,2026,18,Josh Treacy,fremantle,0.5286478433363557,0.2669893379138476,0.12388793930039835,0.08047487944939832,2.243810145137161,3,winning team; contested possessions=12 (match z=2.0); goals=4 (match z=3.1); contested marks=3 (match z=3.2). Uncertainty: teammate Murphy Reid also had a big disposal count.
2026_R18_western_bulldogs_v_west_coast_2026-07-12,2026,18,Marcus Bontempelli,western_bulldogs,0.4171496559634613,0.3077428920165518,0.19231132812559731,0.08279612389438956,2.059246080049085,3,winning team; disposals=25 (match z=1.7); contested possessions=15 (match z=2.5); clearances=12 (match z=4.0); tackles=8 (match z=2.3); goals=2 (match z=1.7); inside 50s=5 (match z=1.7).
2026_R18_collingwood_v_north_melbourne_2026-07-10,2026,18,Nick Daicos,collingwood,0.36049164637304115,0.2672884164627042,0.18064213249400457,0.19157780467025004,1.7966939045385364,3,winning team; disposals=28 (match z=1.6).
2026_R19_essendon_v_greater_western_sydney_2026-07-19,2026,19,Zach Merrett,essendon,0.7397647077118954,0.19993609300147971,0.047827784273524174,0.012471415013100715,2.66699409341217,3,winning team; disposals=35 (match z=2.9); inside 50s=6 (match z=2.3).
2026_R19_gold_coast_v_western_bulldogs_2026-07-19,2026,19,Marcus Bontempelli,western_bulldogs,0.7286564096674943,0.20891195007720745,0.05030493553217124,0.01212670472312697,2.654098064689069,3,winning team; contested possessions=14 (match z=2.5); clearances=5 (match z=1.7); goals=3 (match z=3.3); inside 50s=7 (match z=2.6). Uncertainty: teammate Bailey Williams also had a big disposal count.
2026_R19_north_melbourne_v_melbourne_2026-07-18,2026,19,Tom Sparrow,melbourne,0.6035418657388618,0.3117027765682373,0.07166100883569597,0.01309434885720491,2.5056921591887558,3,winning team; disposals=33 (match z=2.0); contested possessions=17 (match z=3.3); clearances=10 (match z=3.9); tackles=6 (match z=2.4).
2026_R19_collingwood_v_carlton_2026-07-18,2026,19,Nick Daicos,collingwood,0.5269776248468376,0.32644226701536394,0.11051971406960179,0.03606039406819664,2.3443371226408427,3,winning team; disposals=36 (match z=2.9).
2026_R19_geelong_v_st_kilda_2026-07-16,2026,19,Rowan Marshall,st_kilda,0.470385411915914,0.4111503315443542,0.0986663310500376,0.01979792548969421,2.332123229886488,3,losing team; disposals=33 (match z=2.0); contested possessions=26 (match z=4.9); clearances=12 (match z=4.1); goals=2 (match z=1.8); inside 50s=6 (match z=1.7); contested marks=2 (match z=2.2).
2026_R19_geelong_v_st_kilda_2026-07-16,2026,19,Bailey Smith,geelong,0.4390826075120964,0.4303480492335925,0.10787771702512933,0.022691626229181805,2.2858216380286036,3,winning team; disposals=35 (match z=2.3); inside 50s=9 (match z=3.0).
2026_R19_collingwood_v_carlton_2026-07-18,2026,19,Patrick Cripps,carlton,0.3137965208789899,0.4007592490000227,0.1899351037951857,0.09550912632580172,1.9328431644322008,2,losing team; disposals=30 (match z=2.0); contested possessions=12 (match z=1.7); clearances=6 (match z=1.8); tackles=6 (match z=1.6); goals=2 (match z=1.8).
2026_R19_west_coast_v_brisbane_lions_2026-07-18,2026,19,Lachie Neale,brisbane_lions,0.3070542121824202,0.264905758133233,0.20466126867564643,0.2233787610087003,1.655635421489373,3,winning team; disposals=32 (match z=2.4); contested possessions=17 (match z=3.2); clearances=6 (match z=1.8).
2026_R2_port_adelaide_v_essendon_2026-03-22,2026,2,Zak Butters,port_adelaide,0.7194559243878736,0.2438662356090597,0.03306586086893065,0.0036119791341359953,2.679166105250671,3,winning team; disposals=36 (match z=2.8); clearances=7 (match z=2.6); tackles=6 (match z=2.1); inside 50s=9 (match z=3.2).
2026_R2_richmond_v_gold_coast_2026-03-21,2026,2,Ben King,gold_coast,0.714146291869219,0.22384974729782678,0.051437778731199035,0.010566182101755223,2.6415761489345093,3,winning team; goals=7 (match z=5.1). Uncertainty: teammate Touk Miller also had a big disposal count.
2026_R2_hawthorn_v_sydney_2026-03-19,2026,2,Jai Newcombe,hawthorn,0.6057198568617236,0.2676857054150978,0.10557686531791322,0.021017572405265417,2.45810784673328,3,winning team; disposals=31 (match z=2.2); contested possessions=12 (match z=1.7); clearances=9 (match z=3.4).
2026_R2_fremantle_v_melbourne_2026-03-21,2026,2,Shai Bolton,fremantle,0.5869022856224039,0.29408217098824513,0.10344306590748739,0.015572477481863606,2.4523142647511893,3,winning team; disposals=32 (match z=2.1); contested possessions=15 (match z=2.4); clearances=9 (match z=3.5); goals=2 (match z=1.5); inside 50s=10 (match z=3.8). Uncertainty: teammate Andrew Brayshaw also had a big disposal count.
2026_R2_adelaide_v_western_bulldogs_2026-03-20,2026,2,Marcus Bontempelli,western_bulldogs,0.43189121330016605,0.28134710326741347,0.1585132056906131,0.12824847774180742,2.0168810521259384,3,winning team; disposals=30 (match z=2.1); contested possessions=14 (match z=2.5); clearances=7 (match z=2.2); tackles=6 (match z=1.6); inside 50s=6 (match z=2.0).
2026_R2_greater_western_sydney_v_st_kilda_2026-03-21,2026,2,Lachie Ash,greater_western_sydney,0.3103199613311697,0.23399717646558382,0.1696365986369867,0.2860462635662598,1.5685908355616633,3,losing team; disposals=39 (match z=2.6); marks=9 (match z=2.2).
2026_R20_north_melbourne_v_st_kilda_2026-07-26,2026,20,Nasiah Wanganeen-Milera,st_kilda,0.9997716965273591,0.00022826257548806596,4.0891213655379895e-08,5.9391903195522705e-12,2.999771655624267,3,winning team; disposals=46 (match z=3.4); clearances=5 (match z=1.8); goals=4 (match z=4.0); inside 50s=8 (match z=2.9).
2026_R20_adelaide_v_collingwood_2026-07-23,2026,20,Nick Daicos,collingwood,0.908727682657328,0.08492259822127107,0.006014438110674205,0.0003352810107267717,2.9020426825252006,3,winning team; disposals=39 (match z=3.3); contested possessions=18 (match z=2.9); clearances=7 (match z=2.2).
2026_R20_fremantle_v_west_coast_2026-07-24,2026,20,Jye Amiss,fremantle,0.8478194907868213,0.13191788570966095,0.0179263204826886,0.0023363030208291627,2.8252205642624744,3,winning team; goals=5 (match z=5.1); contested marks=3 (match z=3.3). Uncertainty: teammate Matthew Johnson also had a big disposal count.
2026_R20_hawthorn_v_essendon_2026-07-25,2026,20,Jack Gunston,hawthorn,0.7763068541795941,0.1935269194644819,0.02720202448263241,0.0029642018732915915,2.7431764259503786,3,winning team; goals=7 (match z=5.1); marks=11 (match z=2.2). Uncertainty: teammate Jarman Impey also had a big disposal count.
2026_R20_western_bulldogs_v_richmond_2026-07-25,2026,20,Ed Richards,western_bulldogs,0.68894543335441,0.28948940762067654,0.020497630760156836,0.001067528264756569,2.6663127460647402,3,winning team; disposals=32 (match z=2.3); contested possessions=12 (match z=2.2); clearances=6 (match z=2.2); tackles=5 (match z=1.7); goals=2 (match z=2.1); inside 50s=11 (match z=3.7).
2026_R20_greater_western_sydney_v_sydney_2026-07-25,2026,20,Errol Gulden,sydney,0.6325896350159241,0.2888421153165933,0.06662006962407493,0.011948180043407614,2.5420732053050337,3,winning team; disposals=41 (match z=3.1); contested possessions=11 (match z=1.7); clearances=7 (match z=2.3); inside 50s=8 (match z=2.6).
2026_R20_brisbane_lions_v_port_adelaide_2026-07-26,2026,20,Will Ashcroft,brisbane_lions,0.5876730134345494,0.2803932168023687,0.10019442531982867,0.03173934444325324,2.4239998992282143,3,winning team; disposals=30 (match z=1.9); clearances=5 (match z=1.6); inside 50s=12 (match z=4.6).
2026_R20_carlton_v_gold_coast_2026-07-25,2026,20,Patrick Cripps,carlton,0.5695447763593527,0.263656345258179,0.1096618268218261,0.057137051560642166,2.3456088464162423,3,winning team; disposals=30 (match z=1.8); contested possessions=21 (match z=3.9); clearances=15 (match z=4.8); tackles=5 (match z=1.7); inside 50s=8 (match z=2.5).
2026_R20_melbourne_v_geelong_2026-07-24,2026,20,Shannon Neale,geelong,0.4244677324728551,0.2729619653944291,0.1552788517735491,0.14729145035916674,1.9746059799809723,3,winning team; goals=5 (match z=3.4); contested marks=2 (match z=2.4). Uncertainty: teammate Bailey Smith also had a big disposal count.
2026_R21_essendon_v_adelaide_2026-08-02,2026,21,Riley Thilthorpe,adelaide,0.855413209207607,0.13064730156247242,0.013184740751068534,0.0007547484788520478,2.840718971498834,3,winning team; goals=5 (match z=3.1); contested marks=6 (match z=5.0); marks=10 (match z=2.5). Uncertainty: teammate Jordan Dawson also had a big disposal count.
2026_R21_richmond_v_west_coast_2026-08-02,2026,21,Tim Taranto,richmond,0.848453649961693,0.13745756059553865,0.013106615202905281,0.000982174239863031,2.8333826862790614,3,winning team; disposals=32 (match z=2.3); contested possessions=14 (match z=2.0); clearances=11 (match z=4.0); tackles=9 (match z=2.3); inside 50s=7 (match z=2.9).
2026_R21_collingwood_v_geelong_2026-07-30,2026,21,Oliver Dempsey,geelong,0.6884351525943363,0.2271841383857955,0.0646590238528829,0.019721685166985317,2.584332758407483,3,winning team; disposals=29 (match z=1.9); contested possessions=12 (match z=1.7); contested marks=2 (match z=1.6); marks=10 (match z=3.1).
2026_R21_hawthorn_v_north_melbourne_2026-08-01,2026,21,Jai Newcombe,hawthorn,0.6519125564232037,0.2605799729754721,0.07139064247621371,0.016116828125110533,2.5482882576967687,3,winning team; disposals=34 (match z=2.6); contested possessions=21 (match z=4.1); clearances=12 (match z=4.3); inside 50s=9 (match z=3.5).
2026_R21_st_kilda_v_sydney_2026-08-01,2026,21,Errol Gulden,sydney,0.6080507267338215,0.26127867923876696,0.09449386049299699,0.0361767335344145,2.4412033991719952,3,winning team; disposals=34 (match z=2.5); contested possessions=12 (match z=1.9); clearances=7 (match z=2.7); inside 50s=6 (match z=1.6).
2026_R21_carlton_v_brisbane_lions_2026-08-01,2026,21,George Hewett,carlton,0.5347751190603485,0.289602558541865,0.12605011644775094,0.049572205950035586,2.309580590712526,3,winning team; disposals=33 (match z=2.4); contested possessions=13 (match z=2.4); clearances=8 (match z=2.6); inside 50s=8 (match z=2.8); marks=11 (match z=2.3).
2026_R21_gold_coast_v_melbourne_2026-08-02,2026,21,Max Gawn,melbourne,0.4211805951709021,0.271859731688491,0.1605548038216457,0.1464048693189612,1.9678160527113342,3,winning team; contested possessions=14 (match z=2.2); clearances=9 (match z=3.4); contested marks=2 (match z=1.5); marks=10 (match z=2.6).
2026_R21_port_adelaide_v_greater_western_sydney_2026-08-01,2026,21,Jason Horne-Francis,port_adelaide,0.32519959130368936,0.2765310336304815,0.19255705614161545,0.2057123189242137,1.7212178973136465,3,losing team; disposals=29 (match z=2.0); contested possessions=12 (match z=1.8); clearances=7 (match z=2.8); marks=7 (match z=1.8).
2026_R21_port_adelaide_v_greater_western_sydney_2026-08-01,2026,21,Lachie Whitfield,greater_western_sydney,0.319565693998939,0.2735196830315009,0.19225955221144891,0.21465507075811108,1.6979960002712677,3,winning team; disposals=29 (match z=2.0); contested possessions=11 (match z=1.5); tackles=7 (match z=1.7).
2026_R22_greater_western_sydney_v_gold_coast_2026-08-09,2026,22,Matt Rowell,gold_coast,0.9800514968268812,0.019768668291919925,0.000178539961238241,1.2949199606370116e-06,2.979870367025722,3,winning team; disposals=40 (match z=3.6); contested possessions=21 (match z=3.3); clearances=17 (match z=4.6); tackles=16 (match z=4.1); inside 50s=10 (match z=3.8).
2026_R22_geelong_v_essendon_2026-08-08,2026,22,Bailey Smith,geelong,0.9039199489362939,0.0899090271739216,0.005899018823870619,0.0002720050659138747,2.8974769199805954,3,winning team; disposals=38 (match z=3.5); contested possessions=15 (match z=2.8); clearances=8 (match z=2.7); inside 50s=8 (match z=3.0).
2026_R22_west_coast_v_collingwood_2026-08-09,2026,22,Nick Daicos,collingwood,0.8771508799543408,0.11020506004839672,0.011567066135960443,0.001076993861302009,2.8634298260957767,3,winning team; disposals=39 (match z=3.1); contested possessions=17 (match z=2.5); clearances=10 (match z=2.9); inside 50s=11 (match z=3.5).
2026_R22_western_bulldogs_v_north_melbourne_2026-08-06,2026,22,Luke Davies-Uniacke,north_melbourne,0.8423737388815506,0.13706161179073834,0.018274521273577846,0.002290128054133169,2.8195189614997065,3,winning team; disposals=31 (match z=2.1); contested possessions=17 (match z=3.2); clearances=10 (match z=3.8); tackles=10 (match z=3.5); goals=2 (match z=1.7); inside 50s=6 (match z=2.0); contested marks=2 (match z=2.5).
2026_R22_adelaide_v_richmond_2026-08-08,2026,22,Izak Rankine,adelaide,0.7672743921088979,0.22588586472088001,0.0067071313682635515,0.00013261180195851645,2.760302037136717,3,winning team; disposals=36 (match z=3.0); contested possessions=18 (match z=3.4); clearances=11 (match z=3.9); tackles=6 (match z=1.8); inside 50s=7 (match z=3.2); marks=6 (match z=1.6).
2026_R22_sydney_v_port_adelaide_2026-08-08,2026,22,Errol Gulden,sydney,0.7089977294711443,0.23000599116927656,0.05169112826443577,0.009305151095143419,2.638696299016422,3,winning team; disposals=39 (match z=2.8); inside 50s=7 (match z=1.8).
2026_R22_brisbane_lions_v_hawthorn_2026-08-07,2026,22,Kai Lohmann,brisbane_lions,0.6525009069354811,0.2652074946190757,0.07522420708005648,0.0070673913653866716,2.5631419171246512,3,winning team; goals=5 (match z=3.9). Uncertainty: teammate Will Ashcroft also had a big disposal count.
2026_R22_melbourne_v_fremantle_2026-08-08,2026,22,Kysaiah Pickett,melbourne,0.6202872879404476,0.24667275713206774,0.08986380564914095,0.04317614927834368,2.444071183734619,3,winning team; disposals=27 (match z=2.2).
2026_R22_st_kilda_v_carlton_2026-08-09,2026,22,Max Hall,st_kilda,0.3098217744953361,0.23764287319158175,0.17412222304759656,0.2784131292654856,1.5788732929167684,3,losing team; disposals=30 (match z=2.0); contested possessions=16 (match z=3.7); clearances=10 (match z=3.5); goals=2 (match z=1.8).
2026_R23_brisbane_lions_v_gold_coast_2026-08-15,2026,23,Will Ashcroft,brisbane_lions,0.8228739740469646,0.14977161834780817,0.023713700272959323,0.003640707332267904,2.79187885910947,3,winning team; disposals=31 (match z=2.3); inside 50s=5 (match z=1.6); marks=8 (match z=1.9).
2026_R23_hawthorn_v_collingwood_2026-08-15,2026,23,Nick Daicos,collingwood,0.7802989182940603,0.17543480785470478,0.03611881146625151,0.008147462384983428,2.727885182057842,3,draw; disposals=36 (match z=2.9); inside 50s=8 (match z=2.9).
2026_R23_richmond_v_st_kilda_2026-08-15,2026,23,Max Hall,st_kilda,0.6733692165565808,0.238666217666263,0.06998804564700178,0.01797652013015444,2.56742813064927,3,winning team; disposals=40 (match z=3.0); inside 50s=10 (match z=4.0); marks=10 (match z=2.1).
2026_R23_western_bulldogs_v_carlton_2026-08-16,2026,23,Ed Richards,western_bulldogs,0.662386404529387,0.23469745957660273,0.07516210948652602,0.027754026407484228,2.5317162422278923,3,draw; disposals=31 (match z=1.6); contested possessions=13 (match z=1.7); goals=2 (match z=2.0); inside 50s=8 (match z=3.1).
2026_R23_fremantle_v_adelaide_2026-08-14,2026,23,Izak Rankine,adelaide,0.584127668335131,0.2935421009865,0.09556492554588528,0.026765305132483735,2.4350321325242783,3,losing team; disposals=39 (match z=3.2); contested possessions=15 (match z=2.6); clearances=10 (match z=2.9); tackles=6 (match z=1.5); marks=9 (match z=2.8).
2026_R23_greater_western_sydney_v_west_coast_2026-08-16,2026,23,Lachie Ash,greater_western_sydney,0.5516646810272243,0.2639173758069836,0.11558236767870197,0.0688355754870901,2.298411162374342,3,winning team; disposals=36 (match z=2.9); marks=11 (match z=2.6).
2026_R23_north_melbourne_v_geelong_2026-08-15,2026,23,Bailey Smith,geelong,0.524697928096147,0.2641560994022163,0.12433119113943783,0.08681478136219886,2.2267371742323117,3,winning team; disposals=34 (match z=2.9); contested possessions=10 (match z=1.5); inside 50s=7 (match z=2.1).
2026_R23_essendon_v_sydney_2026-08-16,2026,23,Errol Gulden,sydney,0.5001486963620114,0.4481520008184874,0.04899152585296171,0.0027077769665394824,2.4457416165759707,3,winning team; disposals=47 (match z=3.7); contested possessions=12 (match z=1.8); clearances=8 (match z=2.5); inside 50s=6 (match z=2.0).
2026_R23_essendon_v_sydney_2026-08-16,2026,23,Isaac Heeney,sydney,0.4612709246877069,0.4792713270996117,0.056083352312263995,0.0033743959004174096,2.398438780574608,2,winning team; contested possessions=18 (match z=3.6); clearances=7 (match z=2.1); tackles=7 (match z=1.9); goals=3 (match z=2.3); inside 50s=6 (match z=2.0); marks=9 (match z=2.2). Uncertainty: teammate Errol Gulden also had a big disposal count.
2026_R23_port_adelaide_v_melbourne_2026-08-15,2026,23,Kade Chandler,melbourne,0.4073374259113627,0.27728963747560664,0.1699433569555473,0.14542957965748338,1.9465349096408486,3,winning team; tackles=9 (match z=2.6); goals=4 (match z=2.9); inside 50s=6 (match z=2.2). Uncertainty: teammate Jack Steele also had a big disposal count.
2026_R24_adelaide_v_greater_western_sydney_2026-08-22,2026,24,Izak Rankine,adelaide,0.9868500063366763,0.013029543381742214,0.00011964722996835579,8.030516131308824e-07,2.9867287530034816,3,winning team; disposals=35 (match z=2.9); contested possessions=17 (match z=3.5); clearances=12 (match z=4.4); goals=4 (match z=2.1); inside 50s=6 (match z=1.9).
2026_R24_sydney_v_north_melbourne_2026-08-23,2026,24,Errol Gulden,sydney,0.9558419753072485,0.04257326755176268,0.0015371948117999668,4.7562329188891765e-05,2.9542096558370705,3,winning team; disposals=41 (match z=3.5); clearances=6 (match z=1.9); inside 50s=10 (match z=3.7).
2026_R24_geelong_v_richmond_2026-08-22,2026,24,Bailey Smith,geelong,0.896501471825022,0.1005236700198817,0.002919448878510998,5.540927658525402e-05,2.893471204393341,3,winning team; disposals=40 (match z=2.7); tackles=6 (match z=1.8); goals=3 (match z=2.1); inside 50s=8 (match z=2.9).
2026_R24_collingwood_v_brisbane_lions_2026-08-21,2026,24,Logan Morris,brisbane_lions,0.8769704617343982,0.11764789388174957,0.005213762827530304,0.00016788155632194244,2.871420935794224,3,winning team; goals=8 (match z=4.6); marks=8 (match z=1.9). Uncertainty: teammate Lachie Neale also had a big disposal count.
2026_R24_essendon_v_port_adelaide_2026-08-23,2026,24,Jase Burgoyne,port_adelaide,0.5842539173567047,0.27996595168766697,0.1056433841791157,0.030136746776512596,2.418337039624564,3,winning team; disposals=30 (match z=2.0); contested possessions=15 (match z=2.8); clearances=7 (match z=2.5); tackles=8 (match z=2.1); inside 50s=6 (match z=2.1).
2026_R24_melbourne_v_western_bulldogs_2026-08-22,2026,24,Max Gawn,melbourne,0.4101095009435295,0.2763872081565518,0.1675011905278984,0.14600210037202027,1.9506041096715905,3,losing team; disposals=28 (match z=1.8); contested possessions=15 (match z=2.2); clearances=10 (match z=3.1); inside 50s=8 (match z=2.6).
2026_R24_carlton_v_fremantle_2026-08-22,2026,24,Sam Walsh,carlton,0.39990322011143553,0.27814213961876366,0.173334608660745,0.14862003160905582,1.929328548232579,3,winning team; disposals=32 (match z=2.4); contested possessions=13 (match z=2.5); clearances=8 (match z=2.8).
2026_R24_west_coast_v_hawthorn_2026-08-23,2026,24,Will Day,hawthorn,0.33882555630708205,0.2553235435275918,0.17530982402542084,0.23054107613990527,1.7024335800018506,3,winning team; clearances=6 (match z=2.2); contested marks=2 (match z=2.3).
2026_R24_st_kilda_v_gold_coast_2026-08-20,2026,24,Touk Miller,gold_coast,0.33504005079187626,0.2688931487796984,0.19377871857995388,0.20228808184847147,1.7366851685149793,3,winning team; disposals=40 (match z=2.3); contested possessions=12 (match z=1.7).
2026_R3_collingwood_v_greater_western_sydney_2026-03-27,2026,3,Nick Daicos,collingwood,0.932107951196786,0.06393739976046448,0.0037593868407240216,0.00019526220202548128,2.927958039952011,3,winning team; disposals=36 (match z=2.0); contested possessions=12 (match z=2.0); clearances=6 (match z=2.3); tackles=5 (match z=1.6); goals=2 (match z=1.9); inside 50s=12 (match z=4.4).
2026_R3_geelong_v_adelaide_2026-03-26,2026,3,Bailey Smith,geelong,0.8453609350724418,0.13452686254756502,0.01792103752874296,0.0021911648512502116,2.8230575678411984,3,winning team; disposals=40 (match z=3.1); contested possessions=16 (match z=2.9); clearances=6 (match z=2.0); tackles=10 (match z=2.7); inside 50s=7 (match z=2.3).
2026_R3_carlton_v_melbourne_2026-03-29,2026,3,Kysaiah Pickett,melbourne,0.8150618633763336,0.16366327187750423,0.01953259290857637,0.0017422718375858237,2.7920447267925854,3,winning team; disposals=33 (match z=2.5); clearances=6 (match z=1.9); inside 50s=10 (match z=3.6).
2026_R3_fremantle_v_richmond_2026-03-28,2026,3,Caleb Serong,fremantle,0.689763288641419,0.2616108795428833,0.045297392019186825,0.0033284397965108597,2.637809017029211,3,winning team; disposals=32 (match z=2.2); contested possessions=15 (match z=2.6); clearances=9 (match z=4.1); tackles=6 (match z=1.6); goals=2 (match z=1.8); inside 50s=8 (match z=2.8).
2026_R3_st_kilda_v_brisbane_lions_2026-03-28,2026,3,Jarrod Berry,brisbane_lions,0.39038180882934537,0.3288459138904105,0.16980703945996523,0.1109652378202789,1.9986442937288222,3,winning team; disposals=31 (match z=2.2); inside 50s=5 (match z=1.5); marks=10 (match z=2.3).
2026_R3_st_kilda_v_brisbane_lions_2026-03-28,2026,3,Will Ashcroft,brisbane_lions,0.3836426433385705,0.33435032442791096,0.17375164955892225,0.10825538267459633,1.9933802284304558,3,winning team; disposals=31 (match z=2.2); contested possessions=11 (match z=2.1); clearances=10 (match z=4.2); tackles=7 (match z=2.1).
2026_R3_essendon_v_north_melbourne_2026-03-28,2026,3,Luke Davies-Uniacke,north_melbourne,0.3353659055931073,0.26912123237503455,0.1952619161070624,0.20025094592479575,1.7396020976364535,3,winning team; disposals=31 (match z=1.9); contested possessions=11 (match z=2.2); clearances=4 (match z=1.5); inside 50s=7 (match z=2.7); marks=11 (match z=2.0).
2026_R3_port_adelaide_v_west_coast_2026-03-29,2026,3,Harley Reid,west_coast,0.3135835431712735,0.27072123905392836,0.2074343517313083,0.20826086604348987,1.6896274593529856,3,winning team; clearances=6 (match z=2.2).
2026_R4_brisbane_lions_v_collingwood_2026-04-02,2026,4,Will Ashcroft,brisbane_lions,0.7172529768555209,0.21388690445637476,0.054544360665482086,0.014315758022622235,2.6340771001447942,3,winning team; disposals=36 (match z=2.7); contested possessions=15 (match z=3.4); clearances=6 (match z=2.7).
2026_R4_west_coast_v_sydney_2026-04-04,2026,4,Isaac Heeney,sydney,0.7087038811046646,0.27234368250537383,0.04667370026116527,0.0,2.7174727085859067,3,winning team; disposals=26 (match z=1.6); contested possessions=10 (match z=1.7); goals=4 (match z=3.3).
2026_R4_adelaide_v_fremantle_2026-04-03,2026,4,Caleb Serong,fremantle,0.5639597666037657,0.2584927822626433,0.11050403978840319,0.06704341134518786,2.319368904124987,3,winning team; disposals=32 (match z=2.5); contested possessions=13 (match z=1.9); clearances=6 (match z=2.0); tackles=8 (match z=1.9); inside 50s=6 (match z=1.9).
2026_R4_richmond_v_port_adelaide_2026-04-04,2026,4,Zak Butters,port_adelaide,0.5553413194335179,0.27281680587325313,0.11541286631377637,0.056429008379452555,2.3270704363608363,3,winning team; disposals=30 (match z=2.6); contested possessions=10 (match z=1.8); clearances=6 (match z=2.4).
2026_R4_hawthorn_v_geelong_2026-04-06,2026,4,Bailey Smith,geelong,0.5547992659575172,0.2578376193454747,0.11303646118781648,0.07432665350919164,2.2931094977513173,3,losing team; disposals=33 (match z=2.6); contested possessions=14 (match z=2.9); clearances=6 (match z=2.9); inside 50s=8 (match z=2.8).
2026_R4_western_bulldogs_v_essendon_2026-04-05,2026,4,Matthew Kennedy,western_bulldogs,0.4773536624311929,0.39481705475646256,0.10580796846731017,0.02202131434503435,2.327503065273814,3,winning team; disposals=36 (match z=2.3); contested possessions=18 (match z=3.9); clearances=11 (match z=4.0).
2026_R4_western_bulldogs_v_essendon_2026-04-05,2026,4,Marcus Bontempelli,western_bulldogs,0.4189920214405709,0.4257056672403119,0.12562031723220168,0.02968199408691552,2.2340077160345384,2,winning team; disposals=35 (match z=2.2); clearances=7 (match z=2.4); inside 50s=6 (match z=2.4).
2026_R4_melbourne_v_gold_coast_2026-04-05,2026,4,Kysaiah Pickett,melbourne,0.34574255964315376,0.3052553678365674,0.22785684651801824,0.12114522600226052,1.8755952611206144,3,winning team; disposals=25 (match z=1.8); clearances=6 (match z=2.0); inside 50s=10 (match z=4.0).
2026_R4_melbourne_v_gold_coast_2026-04-05,2026,4,Max Gawn,melbourne,0.32827303142634734,0.2986959852141113,0.2333480517471173,0.13968293161242407,1.8155591164543818,3,winning team; contested possessions=16 (match z=3.3).
2026_R5_sydney_v_gold_coast_2026-04-11,2026,5,Isaac Heeney,sydney,0.9609740680375831,0.050064580079287456,0.001985607692888372,0.0,2.9850369719642127,3,winning team; disposals=33 (match z=2.4); contested possessions=18 (match z=2.9); clearances=10 (match z=3.3); tackles=11 (match z=2.7); goals=2 (match z=1.7); inside 50s=7 (match z=2.1).
2026_R5_adelaide_v_carlton_2026-04-09,2026,5,Josh Rachele,adelaide,0.945100240382911,0.05226961723936925,0.0025208159765158426,0.00010932640120394537,2.9423607716039872,3,winning team; disposals=26 (match z=1.5); contested possessions=13 (match z=1.5); clearances=6 (match z=1.7); goals=4 (match z=3.7); inside 50s=6 (match z=2.2).
2026_R5_geelong_v_west_coast_2026-04-12,2026,5,Bailey Smith,geelong,0.8348089017113132,0.1449815636958438,0.018508279609357685,0.001701254983485341,2.8128981121349845,3,winning team; disposals=34 (match z=2.5); clearances=7 (match z=2.2); inside 50s=15 (match z=4.8).
2026_R5_essendon_v_melbourne_2026-04-11,2026,5,Archie Roberts,essendon,0.7757398777866966,0.18317628092405713,0.035027706612013126,0.0060561346772331215,2.7285999018202176,3,winning team; disposals=42 (match z=3.1); marks=15 (match z=2.8).
2026_R5_port_adelaide_v_st_kilda_2026-04-12,2026,5,Nasiah Wanganeen-Milera,st_kilda,0.764649505455567,0.196174096028854,0.034312086614442336,0.004864311901136689,2.720608795038851,3,winning team; disposals=28 (match z=1.9); contested possessions=13 (match z=1.7); clearances=6 (match z=2.1); tackles=9 (match z=2.3); goals=2 (match z=2.1).
2026_R5_north_melbourne_v_brisbane_lions_2026-04-11,2026,5,Lachie Neale,brisbane_lions,0.7193566047510016,0.21133279171027738,0.05428530111339398,0.015025302425327028,2.6350206987869536,3,winning team; disposals=30 (match z=2.4); contested possessions=20 (match z=3.6); clearances=10 (match z=3.9); inside 50s=7 (match z=2.7).
2026_R5_greater_western_sydney_v_richmond_2026-04-12,2026,5,Finn Callaghan,greater_western_sydney,0.47562100728760964,0.2831828156370477,0.1483674384276142,0.09282873864772836,2.1415960915645385,3,winning team; disposals=37 (match z=2.7); contested possessions=17 (match z=2.9); clearances=6 (match z=1.7).
2026_R5_collingwood_v_fremantle_2026-04-10,2026,5,Nick Daicos,collingwood,0.428188628685673,0.25920698900497,0.14993939367846132,0.16266498863089568,1.9529192577454202,3,losing team; disposals=31 (match z=2.6); clearances=5 (match z=1.9); inside 50s=7 (match z=2.9).
2026_R5_hawthorn_v_western_bulldogs_2026-04-11,2026,5,Jai Newcombe,hawthorn,0.398124446403796,0.2831613279206803,0.17116275518469695,0.1475514704908267,1.9318587502374456,3,winning team; disposals=28 (match z=1.7); contested possessions=19 (match z=3.7); clearances=14 (match z=4.5).
2026_R6_geelong_v_western_bulldogs_2026-04-17,2026,6,Jeremy Cameron,geelong,0.9489294114923995,0.05091850805565201,0.0001517887693993291,2.9168254914841395e-07,2.948777039357902,3,winning team; goals=10 (match z=5.9); contested marks=2 (match z=3.5); marks=10 (match z=2.4). Uncertainty: teammate Bailey Smith also had a big disposal count.
2026_R6_carlton_v_collingwood_2026-04-16,2026,6,Nick Daicos,collingwood,0.9470818538829036,0.05032614481217762,0.002474431912728752,0.00011756939219007088,2.9443722831857944,3,winning team; disposals=39 (match z=2.9); contested possessions=16 (match z=3.3); clearances=8 (match z=3.6); inside 50s=8 (match z=2.9).
2026_R6_sydney_v_greater_western_sydney_2026-04-17,2026,6,Nick Blakey,sydney,0.7763873903366476,0.20472357453884446,0.04225796863931758,0.0,2.780867288726949,3,winning team; disposals=34 (match z=2.1).
2026_R6_west_coast_v_fremantle_2026-04-19,2026,6,Jye Amiss,fremantle,0.7178993229053104,0.21468682995935678,0.053761408575971455,0.013652438559361317,2.636833037210616,3,winning team; goals=5 (match z=4.9); contested marks=2 (match z=1.7); marks=10 (match z=1.8). Uncertainty: teammate Jordan Clark also had a big disposal count.
2026_R6_north_melbourne_v_richmond_2026-04-19,2026,6,Harry Sheezel,north_melbourne,0.6397873970067887,0.3130067893159959,0.04299654915197999,0.004209264525235443,2.5883723188043377,3,winning team; disposals=39 (match z=2.7); contested possessions=16 (match z=2.6); clearances=7 (match z=2.6); inside 50s=6 (match z=1.6).
2026_R6_hawthorn_v_port_adelaide_2026-04-18,2026,6,Zak Butters,port_adelaide,0.574580717033273,0.2823182562825614,0.10914809326019122,0.033952933423974416,2.3975267569251333,3,losing team; disposals=35 (match z=3.2); contested possessions=16 (match z=3.5); clearances=5 (match z=1.8).
2026_R6_adelaide_v_st_kilda_2026-04-18,2026,6,Taylor Walker,adelaide,0.5393407796303696,0.26037163431719823,0.11846462499865061,0.08182296105378152,2.2572302325241558,3,winning team; goals=5 (match z=3.9). Uncertainty: teammate Wayne Milera also had a big disposal count.
2026_R6_melbourne_v_brisbane_lions_2026-04-19,2026,6,Harvey Langford,melbourne,0.44549246646357654,0.290670021082566,0.15102014280045348,0.11281736965340397,2.068837584356315,3,winning team; disposals=27 (match z=1.7); goals=3 (match z=2.2); inside 50s=5 (match z=1.6).
2026_R6_gold_coast_v_essendon_2026-04-18,2026,6,Zach Merrett,essendon,0.3828003752310696,0.28374250071423,0.18395446349234063,0.14950266056235978,1.8998405906140095,3,losing team; disposals=34 (match z=2.3); tackles=8 (match z=2.2); marks=9 (match z=2.3).
2026_R7_richmond_v_melbourne_2026-04-24,2026,7,Kysaiah Pickett,melbourne,0.9779133905423343,0.021776125443416325,0.00030768205292808963,2.8019613213034608e-06,2.9776001045667635,3,winning team; disposals=29 (match z=2.0); clearances=6 (match z=2.1); goals=4 (match z=3.6); inside 50s=6 (match z=1.9).
2026_R7_western_bulldogs_v_sydney_2026-04-23,2026,7,Charlie Curnow,sydney,0.9725000747532963,0.026915923351698005,0.0005745440453773425,9.457849628401313e-06,2.9719066150086624,3,winning team; goals=7 (match z=5.2); contested marks=6 (match z=4.6); marks=8 (match z=2.0). Uncertainty: teammate Matt Roberts also had a big disposal count.
2026_R7_fremantle_v_carlton_2026-04-25,2026,7,Shai Bolton,fremantle,0.7685436362062092,0.18866277409869187,0.03671936221330862,0.006074227481790269,2.71967581902932,3,winning team; disposals=33 (match z=2.2); tackles=8 (match z=2.3); inside 50s=9 (match z=3.3).
2026_R7_port_adelaide_v_geelong_2026-04-25,2026,7,Jason Horne-Francis,port_adelaide,0.7075221948894879,0.23309678062080036,0.051025417147291204,0.008355607342420572,2.6397855630573557,3,winning team; disposals=34 (match z=2.4); contested possessions=17 (match z=3.7); clearances=12 (match z=4.3).
2026_R7_brisbane_lions_v_adelaide_2026-04-26,2026,7,Lachie Neale,brisbane_lions,0.5422604355489372,0.3201692043909291,0.1282085257739451,0.009361834286188586,2.3953282412026153,3,winning team; disposals=42 (match z=3.3); contested possessions=12 (match z=2.1); inside 50s=5 (match z=1.6); marks=13 (match z=2.6).
2026_R7_hawthorn_v_gold_coast_2026-04-25,2026,7,Jack Gunston,hawthorn,0.5196779407055321,0.2833777639267454,0.127696919209739,0.06924737615798351,2.2534862691798256,3,winning team; goals=5 (match z=4.5); marks=9 (match z=2.5). Uncertainty: teammate Karl Amon also had a big disposal count.
2026_R7_essendon_v_collingwood_2026-04-25,2026,7,Scott Pendlebury,collingwood,0.5122505219034805,0.45089885231009863,0.03516386122241294,0.0016867645640079032,2.4737131315530516,3,winning team; disposals=43 (match z=2.8); contested possessions=15 (match z=3.2); clearances=4 (match z=1.6); inside 50s=6 (match z=2.2); marks=10 (match z=1.8).
2026_R7_essendon_v_collingwood_2026-04-25,2026,7,Nick Daicos,collingwood,0.4601015660398265,0.49483928754834006,0.04269097008965883,0.0023681763221746754,2.412674243305818,2,winning team; disposals=42 (match z=2.7); contested possessions=14 (match z=2.8); clearances=8 (match z=4.0); inside 50s=8 (match z=3.3).
2026_R7_greater_western_sydney_v_north_melbourne_2026-04-26,2026,7,Toby Greene,greater_western_sydney,0.45969002100875844,0.2688171294315089,0.1458943159091052,0.12559853365062743,2.0625986377983985,3,winning team; contested possessions=12 (match z=1.8); clearances=8 (match z=2.7).
2026_R7_st_kilda_v_west_coast_2026-04-26,2026,7,Hugo Garcia,st_kilda,0.40541519314595675,0.29605400338448634,0.18509872593502558,0.11343207753453133,1.9934523121418686,3,winning team; disposals=32 (match z=1.9); contested possessions=15 (match z=2.8); clearances=9 (match z=3.6); tackles=5 (match z=2.5).
2026_R8_carlton_v_st_kilda_2026-05-02,2026,8,Nasiah Wanganeen-Milera,st_kilda,0.6419519993306071,0.2677459090635349,0.0719895459432405,0.018312545662617502,2.533337362062132,3,winning team; disposals=31 (match z=2.2); clearances=5 (match z=2.4); inside 50s=5 (match z=2.0).
2026_R8_geelong_v_north_melbourne_2026-05-02,2026,8,Max Holmes,geelong,0.6334705531288459,0.25612684908442807,0.08460443908066424,0.025798158706061766,2.497269796636058,3,winning team; disposals=29 (match z=2.4); inside 50s=6 (match z=1.7).
2026_R8_west_coast_v_richmond_2026-05-02,2026,8,Noah Balta,richmond,0.6043714250650792,0.263072657219006,0.09607178391587828,0.036484133800036456,2.435331373549128,3,winning team; contested possessions=18 (match z=2.6); clearances=6 (match z=1.6); goals=3 (match z=2.6); contested marks=4 (match z=3.3). Uncertainty: teammate Jack Ross also had a big disposal count.
2026_R8_adelaide_v_port_adelaide_2026-05-01,2026,8,Sam Berry,adelaide,0.516648424733746,0.27311279032582897,0.129458771275898,0.08078001366452708,2.225629626128794,3,winning team; disposals=29 (match z=1.9); contested possessions=17 (match z=2.5); clearances=5 (match z=1.7); tackles=19 (match z=5.0); inside 50s=7 (match z=2.6).
2026_R8_collingwood_v_hawthorn_2026-04-30,2026,8,Nick Daicos,collingwood,0.4674292083128457,0.30323533684818704,0.1506177434734813,0.07871771136548592,2.1593760421083923,3,draw; disposals=34 (match z=2.2); contested possessions=10 (match z=1.6); inside 50s=8 (match z=3.2).
2026_R8_gold_coast_v_greater_western_sydney_2026-05-03,2026,8,Christian Petracca,gold_coast,0.4618050132734408,0.3673959206875266,0.12909619734382638,0.04170286869520623,2.249303078539202,3,winning team; disposals=29 (match z=1.5); contested possessions=13 (match z=2.5); clearances=6 (match z=2.3); goals=2 (match z=2.1); inside 50s=8 (match z=2.9). Uncertainty: teammate John Noble also had a big disposal count.
2026_R8_essendon_v_brisbane_lions_2026-05-02,2026,8,Zac Bailey,brisbane_lions,0.45956096536420155,0.28316169838124183,0.1505009848171362,0.10677635143742042,2.0955072776722243,3,winning team; goals=4 (match z=2.9); inside 50s=6 (match z=1.6). Uncertainty: teammate Darcy Wilmot also had a big disposal count.
2026_R8_sydney_v_melbourne_2026-05-03,2026,8,Malcolm Rosas,sydney,0.41187852742976505,0.29605034098828437,0.17945769294630015,0.11261343863565043,2.007193957212164,3,winning team; goals=7 (match z=4.8). Uncertainty: teammate Isaac Heeney also had a big disposal count.
2026_R8_gold_coast_v_greater_western_sydney_2026-05-03,2026,8,John Noble,gold_coast,0.39386791752158734,0.3946114508882874,0.15436354433329008,0.05715708725683516,2.125190198674627,2,winning team; disposals=35 (match z=2.3); marks=12 (match z=2.5).
2026_R8_western_bulldogs_v_fremantle_2026-05-01,2026,8,Shai Bolton,fremantle,0.36969104795079016,0.2920412837347278,0.17893567669675697,0.159331991617725,1.872091388018583,3,winning team; disposals=30 (match z=2.0); contested possessions=15 (match z=2.8); clearances=9 (match z=2.9); inside 50s=8 (match z=2.9).
2026_R8_western_bulldogs_v_fremantle_2026-05-01,2026,8,Marcus Bontempelli,western_bulldogs,0.31670845823385196,0.28727138854929274,0.19301893980246726,0.20300121341438804,1.7176870916026088,3,losing team; disposals=33 (match z=2.4); clearances=6 (match z=1.7); inside 50s=6 (match z=1.8).
2026_R9_geelong_v_collingwood_2026-05-09,2026,9,Bailey Smith,geelong,0.902303048049131,0.09011899609882193,0.007074073288857462,0.0005038825631896345,2.8942212096338946,3,winning team; disposals=40 (match z=2.9); contested possessions=14 (match z=3.3); clearances=6 (match z=2.6); inside 50s=6 (match z=1.9).
2026_R9_brisbane_lions_v_carlton_2026-05-08,2026,9,Lachie Neale,brisbane_lions,0.7850791550502909,0.1746349371394218,0.0336570876609153,0.0066288201493719945,2.7381644270906316,3,winning team; disposals=33 (match z=2.4); contested possessions=16 (match z=2.8); clearances=9 (match z=3.0); marks=8 (match z=1.5).
2026_R9_richmond_v_adelaide_2026-05-10,2026,9,Izak Rankine,adelaide,0.69169404352989,0.25580365020923523,0.04722140542850564,0.005280900832369179,2.633910836436646,3,winning team; disposals=33 (match z=2.3); clearances=4 (match z=1.7); tackles=9 (match z=3.5); inside 50s=8 (match z=3.2); marks=10 (match z=1.7).
2026_R9_melbourne_v_west_coast_2026-05-10,2026,9,Jacob van Rooyen,melbourne,0.6855671352709413,0.2324169043379692,0.06404347688218012,0.017972483508909426,2.585578691370942,3,winning team; goals=5 (match z=4.6). Uncertainty: teammate Ed Langdon also had a big disposal count.
2026_R9_port_adelaide_v_western_bulldogs_2026-05-08,2026,9,Marcus Bontempelli,western_bulldogs,0.5804435765594147,0.2615885219781369,0.10574696857432485,0.05222093288812353,2.3702547422088425,3,winning team; disposals=30 (match z=2.0); clearances=7 (match z=2.5); tackles=10 (match z=3.5); inside 50s=8 (match z=3.5).
2026_R9_north_melbourne_v_sydney_2026-05-09,2026,9,Isaac Heeney,sydney,0.41887038457609777,0.27845536159656037,0.16093283836920244,0.14174141545813948,1.9744547152906164,3,winning team; contested possessions=15 (match z=2.5); clearances=7 (match z=2.7); tackles=6 (match z=2.2); goals=3 (match z=2.6).
2026_R9_greater_western_sydney_v_essendon_2026-05-09,2026,9,Archie Roberts,essendon,0.40295225721387007,0.2690248973238317,0.16554492652015118,0.16247791894214703,1.9124514928094247,3,losing team; disposals=42 (match z=3.2); marks=11 (match z=2.4).
2026_R9_fremantle_v_hawthorn_2026-05-07,2026,9,Jack Gunston,hawthorn,0.3509282736502861,0.27006773049615895,0.1868578215069085,0.19214617434664644,1.7797781034500848,3,losing team; goals=6 (match z=4.7); marks=9 (match z=1.9). Uncertainty: teammate Karl Amon also had a big disposal count.
