model,order_depth,scenario_rank,first,second,third,fourth,fifth,sixth,seventh,eighth,ninth,tenth,probability
Production,5,1,Nick Daicos,Bailey Smith,Marcus Bontempelli,Will Ashcroft,Isaac Heeney,,,,,,0.01716
Production,5,2,Nick Daicos,Bailey Smith,Marcus Bontempelli,Will Ashcroft,Patrick Cripps,,,,,,0.01668
Production,5,3,Nick Daicos,Bailey Smith,Marcus Bontempelli,Lachie Neale,Will Ashcroft,,,,,,0.01625
Production,5,4,Nick Daicos,Bailey Smith,Marcus Bontempelli,Harry Sheezel,Will Ashcroft,,,,,,0.01324
Production,5,5,Nick Daicos,Bailey Smith,Marcus Bontempelli,Will Ashcroft,Harry Sheezel,,,,,,0.01136
Production,5,6,Nick Daicos,Bailey Smith,Marcus Bontempelli,Patrick Cripps,Will Ashcroft,,,,,,0.01115
Production,5,7,Nick Daicos,Bailey Smith,Marcus Bontempelli,Will Ashcroft,Lachie Neale,,,,,,0.01101
Production,5,8,Nick Daicos,Bailey Smith,Patrick Cripps,Marcus Bontempelli,Will Ashcroft,,,,,,0.01086
Production,5,9,Nick Daicos,Bailey Smith,Marcus Bontempelli,Harry Sheezel,Lachie Neale,,,,,,0.01053
Production,5,10,Nick Daicos,Bailey Smith,Marcus Bontempelli,Lachie Neale,Patrick Cripps,,,,,,0.01015
Production,7,1,Nick Daicos,Bailey Smith,Marcus Bontempelli,Lachie Neale,Will Ashcroft,Isaac Heeney,Patrick Cripps,,,,0.00132
Production,7,2,Nick Daicos,Bailey Smith,Marcus Bontempelli,Harry Sheezel,Lachie Neale,Will Ashcroft,Isaac Heeney,,,,0.00113
Production,7,3,Nick Daicos,Bailey Smith,Marcus Bontempelli,Will Ashcroft,Patrick Cripps,Harry Sheezel,Lachie Neale,,,,0.00107
Production,7,4,Nick Daicos,Bailey Smith,Patrick Cripps,Marcus Bontempelli,Lachie Neale,Will Ashcroft,Isaac Heeney,,,,0.00101
Production,7,5,Nick Daicos,Bailey Smith,Marcus Bontempelli,Patrick Cripps,Lachie Neale,Will Ashcroft,Isaac Heeney,,,,0.00101
Production,7,6,Nick Daicos,Bailey Smith,Marcus Bontempelli,Harry Sheezel,Will Ashcroft,Isaac Heeney,Patrick Cripps,,,,0.00097
Production,7,7,Nick Daicos,Bailey Smith,Marcus Bontempelli,Will Ashcroft,Patrick Cripps,Lachie Neale,Isaac Heeney,,,,0.00093
Production,7,8,Nick Daicos,Bailey Smith,Marcus Bontempelli,Patrick Cripps,Harry Sheezel,Lachie Neale,Will Ashcroft,,,,0.0009
Production,7,9,Nick Daicos,Bailey Smith,Marcus Bontempelli,Will Ashcroft,Lachie Neale,Isaac Heeney,Patrick Cripps,,,,0.0009
Production,7,10,Nick Daicos,Bailey Smith,Marcus Bontempelli,Harry Sheezel,Lachie Neale,Will Ashcroft,Patrick Cripps,,,,0.00089
Production,10,1,Nick Daicos,Bailey Smith,Marcus Bontempelli,Harry Sheezel,Lachie Neale,Will Ashcroft,Jordan Dawson,Isaac Heeney,Patrick Cripps,Izak Rankine,5e-05
Production,10,2,Nick Daicos,Bailey Smith,Marcus Bontempelli,Lachie Neale,Will Ashcroft,Patrick Cripps,Harry Sheezel,Isaac Heeney,Nasiah Wanganeen-Milera,Izak Rankine,5e-05
Production,10,3,Nick Daicos,Bailey Smith,Isaac Heeney,Marcus Bontempelli,Will Ashcroft,Harry Sheezel,Lachie Neale,Patrick Cripps,Nasiah Wanganeen-Milera,Jordan Dawson,4e-05
Production,10,4,Nick Daicos,Bailey Smith,Marcus Bontempelli,Lachie Neale,Harry Sheezel,Isaac Heeney,Patrick Cripps,Izak Rankine,Will Ashcroft,Jordan Dawson,4e-05
Production,10,5,Nick Daicos,Bailey Smith,Marcus Bontempelli,Lachie Neale,Harry Sheezel,Will Ashcroft,Isaac Heeney,Patrick Cripps,Jordan Dawson,Izak Rankine,4e-05
Production,10,6,Nick Daicos,Bailey Smith,Marcus Bontempelli,Harry Sheezel,Will Ashcroft,Isaac Heeney,Patrick Cripps,Lachie Neale,Zak Butters,Jordan Dawson,4e-05
Production,10,7,Nick Daicos,Bailey Smith,Marcus Bontempelli,Lachie Neale,Will Ashcroft,Jordan Dawson,Harry Sheezel,Isaac Heeney,Patrick Cripps,Nasiah Wanganeen-Milera,4e-05
Production,10,8,Nick Daicos,Bailey Smith,Patrick Cripps,Marcus Bontempelli,Will Ashcroft,Harry Sheezel,Lachie Neale,Isaac Heeney,Nasiah Wanganeen-Milera,Zak Butters,4e-05
Production,10,9,Nick Daicos,Bailey Smith,Marcus Bontempelli,Patrick Cripps,Will Ashcroft,Harry Sheezel,Lachie Neale,Isaac Heeney,Zak Butters,Jordan Dawson,4e-05
Production,10,10,Nick Daicos,Bailey Smith,Will Ashcroft,Harry Sheezel,Isaac Heeney,Patrick Cripps,Marcus Bontempelli,Lachie Neale,Jordan Dawson,Nasiah Wanganeen-Milera,4e-05
Objective,5,1,Nick Daicos,Bailey Smith,Marcus Bontempelli,Isaac Heeney,Patrick Cripps,,,,,,0.0223
Objective,5,2,Nick Daicos,Marcus Bontempelli,Bailey Smith,Isaac Heeney,Patrick Cripps,,,,,,0.0217
Objective,5,3,Nick Daicos,Bailey Smith,Marcus Bontempelli,Patrick Cripps,Isaac Heeney,,,,,,0.01445
Objective,5,4,Nick Daicos,Marcus Bontempelli,Patrick Cripps,Bailey Smith,Isaac Heeney,,,,,,0.0136
Objective,5,5,Nick Daicos,Marcus Bontempelli,Bailey Smith,Patrick Cripps,Isaac Heeney,,,,,,0.01305
Objective,5,6,Nick Daicos,Bailey Smith,Marcus Bontempelli,Isaac Heeney,Lachie Neale,,,,,,0.0121
Objective,5,7,Nick Daicos,Marcus Bontempelli,Isaac Heeney,Bailey Smith,Patrick Cripps,,,,,,0.01165
Objective,5,8,Nick Daicos,Marcus Bontempelli,Isaac Heeney,Patrick Cripps,Bailey Smith,,,,,,0.0116
Objective,5,9,Nick Daicos,Marcus Bontempelli,Bailey Smith,Lachie Neale,Isaac Heeney,,,,,,0.01005
Objective,5,10,Nick Daicos,Marcus Bontempelli,Bailey Smith,Isaac Heeney,Lachie Neale,,,,,,0.0099
Objective,7,1,Nick Daicos,Bailey Smith,Marcus Bontempelli,Isaac Heeney,Patrick Cripps,Jai Newcombe,Lachie Neale,,,,0.0017
Objective,7,2,Nick Daicos,Marcus Bontempelli,Bailey Smith,Isaac Heeney,Patrick Cripps,Jai Newcombe,Lachie Neale,,,,0.0016
Objective,7,3,Nick Daicos,Bailey Smith,Marcus Bontempelli,Isaac Heeney,Patrick Cripps,Lachie Neale,Jai Newcombe,,,,0.0012
Objective,7,4,Nick Daicos,Bailey Smith,Marcus Bontempelli,Lachie Neale,Isaac Heeney,Patrick Cripps,Jai Newcombe,,,,0.0012
Objective,7,5,Nick Daicos,Marcus Bontempelli,Bailey Smith,Isaac Heeney,Patrick Cripps,Lachie Neale,Luke Jackson,,,,0.0011
Objective,7,6,Nick Daicos,Marcus Bontempelli,Bailey Smith,Lachie Neale,Isaac Heeney,Patrick Cripps,Jai Newcombe,,,,0.0011
Objective,7,7,Nick Daicos,Marcus Bontempelli,Patrick Cripps,Bailey Smith,Isaac Heeney,Lachie Neale,Jai Newcombe,,,,0.001
Objective,7,8,Nick Daicos,Marcus Bontempelli,Isaac Heeney,Patrick Cripps,Bailey Smith,Jai Newcombe,Lachie Neale,,,,0.001
Objective,7,9,Nick Daicos,Marcus Bontempelli,Patrick Cripps,Bailey Smith,Isaac Heeney,Jai Newcombe,Lachie Neale,,,,0.00095
Objective,7,10,Nick Daicos,Marcus Bontempelli,Patrick Cripps,Bailey Smith,Lachie Neale,Isaac Heeney,Clayton Oliver,,,,0.00095
Objective,10,1,Nick Daicos,Marcus Bontempelli,Patrick Cripps,Bailey Smith,Lachie Neale,Isaac Heeney,Clayton Oliver,Luke Jackson,Zak Butters,Jai Newcombe,0.0001
Objective,10,2,Nick Daicos,Bailey Smith,Marcus Bontempelli,Max Gawn,Patrick Cripps,Isaac Heeney,Jai Newcombe,Lachie Neale,Luke Davies-Uniacke,Izak Rankine,0.0001
Objective,10,3,Bailey Smith,Marcus Bontempelli,Nick Daicos,Patrick Cripps,Lachie Neale,Isaac Heeney,Jai Newcombe,Will Ashcroft,Max Gawn,Nasiah Wanganeen-Milera,0.0001
Objective,10,4,Nick Daicos,Bailey Smith,Marcus Bontempelli,Lachie Neale,Patrick Cripps,Isaac Heeney,Clayton Oliver,Luke Jackson,Max Gawn,Ed Richards,0.0001
Objective,10,5,Bailey Smith,Nick Daicos,Marcus Bontempelli,Luke Jackson,Isaac Heeney,Patrick Cripps,Lachie Neale,Izak Rankine,Luke Davies-Uniacke,Max Gawn,0.0001
Objective,10,6,Nick Daicos,Bailey Smith,Marcus Bontempelli,Patrick Cripps,Isaac Heeney,Jai Newcombe,Luke Jackson,Max Gawn,Will Ashcroft,Lachie Neale,0.0001
Objective,10,7,Nick Daicos,Marcus Bontempelli,Patrick Cripps,Bailey Smith,Isaac Heeney,Jai Newcombe,Max Gawn,Clayton Oliver,Lachie Neale,Luke Jackson,0.0001
Objective,10,8,Nick Daicos,Isaac Heeney,Bailey Smith,Marcus Bontempelli,Patrick Cripps,Lachie Neale,Harry Sheezel,Jai Newcombe,Clayton Oliver,Luke Jackson,0.0001
Objective,10,9,Nick Daicos,Bailey Smith,Isaac Heeney,Jai Newcombe,Marcus Bontempelli,Lachie Neale,Patrick Cripps,Luke Jackson,Jordan Dawson,Ed Richards,0.0001
Objective,10,10,Nick Daicos,Bailey Smith,Marcus Bontempelli,Isaac Heeney,Patrick Cripps,Max Gawn,Lachie Neale,Jai Newcombe,Zak Butters,Will Ashcroft,0.0001
