player_id,player_name,team_id
11700,Patrick Dangerfield,geelong
12017,Jeremy Cameron,geelong
12153,Mark Blicavs,geelong
12236,Jack Martin,geelong
12352,Alex Pearce,fremantle
12394,Oscar McDonald,fremantle
12453,Corey Wagner,fremantle
12505,Tom Stewart,geelong
12531,Mark OConnor,geelong
12535,Shai Bolton,fremantle
12547,Sean Darcy,fremantle
12551,Zach Guthrie,geelong
12589,Andrew Brayshaw,fremantle
12607,Jack Henry,geelong
12672,Sam Switkowski,fremantle
12688,Jordan Clark,fremantle
12689,Gryan Miers,geelong
12690,Tom Atkins,geelong
12692,Bailey Smith,geelong
12777,Hayden Young,fremantle
12779,Luke Jackson,fremantle
12786,Caleb Serong,fremantle
12806,Brad Close,geelong
12871,Tanner Bruhn,geelong
12875,Heath Chapman,fremantle
12881,Max Holmes,geelong
12887,Josh Treacy,fremantle
12891,Sam De Koning,geelong
12914,Brandon Walker,fremantle
12960,Nathan ODriscoll,fremantle
12966,Neil Erasmus,fremantle
12974,Oliver Dempsey,geelong
12983,Jye Amiss,fremantle
12992,Shannon Neale,geelong
13033,Judd McVee,fremantle
13047,Matthew Johnson,fremantle
13062,Jhye Clark,geelong
13066,Oisin Mullin,geelong
13075,Karl Worner,fremantle
13104,Shaun Mannagh,geelong
13122,Connor OSullivan,geelong
13129,Patrick Voss,fremantle
13160,Lawson Humphries,geelong
13180,Murphy Reid,fremantle
13204,Isaiah Dudley,fremantle
11898,Tom Liberatore,western_bulldogs
12269,Marcus Bontempelli,western_bulldogs
12282,Rory Lobb,western_bulldogs
12354,Bailey Dale,western_bulldogs
12370,Jake Kolodjashnij,geelong
12441,Bailey Williams,western_bulldogs
12455,Matthew Kennedy,western_bulldogs
12499,Jack Bowes,geelong
12594,Aaron Naughton,western_bulldogs
12605,Ed Richards,western_bulldogs
12619,James Worpel,geelong
12723,Oskar Baker,western_bulldogs
12748,Rhylee West,western_bulldogs
12851,Oliver Henry,geelong
12900,Buku Khamis,western_bulldogs
12916,Lachlan Bramble,western_bulldogs
13021,Sam Darcy,western_bulldogs
13061,James ODonnell,western_bulldogs
13103,Ryley Sanders,western_bulldogs
13140,Joel Freijah,western_bulldogs
13178,Sam Davidson,western_bulldogs
13213,Cooper Hynes,western_bulldogs
12150,Ollie Wines,port_adelaide
12422,Darcy Byrne-Jones,port_adelaide
12433,Aliir Aliir,port_adelaide
12664,Kane Farrell,port_adelaide
12695,Willem Drew,port_adelaide
12698,Zak Butters,port_adelaide
12766,Mitch Georgiades,port_adelaide
12867,Miles Bergman,port_adelaide
12882,Lachie Jones,port_adelaide
12890,Jordon Sweet,port_adelaide
12936,Corey Durdin,port_adelaide
12956,Jason Horne-Francis,port_adelaide
12991,Jacob Wehr,port_adelaide
13007,Jase Burgoyne,port_adelaide
13073,Dante Visentini,port_adelaide
13139,Joe Richards,port_adelaide
13156,Logan Evans,port_adelaide
13188,Joe Berry,port_adelaide
13199,Christian Moraes,port_adelaide
13259,Jack Whitlock,port_adelaide
11905,Jack Darling,north_melbourne
11953,Luke Parker,north_melbourne
12181,Aidan Corr,north_melbourne
12246,Luke McDonald,north_melbourne
12373,Caleb Daniel,north_melbourne
12502,Jy Simpkin,north_melbourne
12511,Griffin Logue,north_melbourne
12557,Cameron Zurhaar,north_melbourne
12563,Nick Larkey,north_melbourne
12590,Luke Davies-Uniacke,north_melbourne
12622,Charlie Spargo,north_melbourne
12788,Tristan Xerri,north_melbourne
12796,Dylan Stephens,north_melbourne
12866,Tom Powell,north_melbourne
12938,Charlie Comben,north_melbourne
12975,Paul Curtis,north_melbourne
13034,Harry Sheezel,north_melbourne
13106,Zane Duursma,north_melbourne
13107,Colby McKercher,north_melbourne
13187,Finn OSullivan,north_melbourne
13263,Cooper Trembath,north_melbourne
11751,Steele Sidebottom,collingwood
11847,Rhys Stanley,geelong
11967,Jeremy Howe,collingwood
12061,Jack Crisp,collingwood
12083,Jamie Elliott,collingwood
12291,Daniel McStay,collingwood
12318,Jordan de Goey,collingwood
12371,Brayden Maynard,collingwood
12372,Darcy Moore,collingwood
12495,Dan Houston,collingwood
12573,Josh Daicos,collingwood
12578,Patrick Lipinski,collingwood
12660,Darcy Cameron,collingwood
12676,Billy Frampton,collingwood
12700,Lachie Schultz,collingwood
12740,Isaac Quaynor,collingwood
12876,Beau McCreery,collingwood
12943,Nick Daicos,collingwood
13023,Ned Long,collingwood
13071,Jack Buller,collingwood
13248,Roan Steele,collingwood
4182,Scott Pendlebury,collingwood
11894,Ryan Lester,brisbane_lions
12055,Lachie Neale,brisbane_lions
12267,Darcy Gardiner,brisbane_lions
12340,Harris Andrews,brisbane_lions
12391,Conor McKenna,brisbane_lions
12408,Josh Dunkley,brisbane_lions
12518,Hugh McCluggage,brisbane_lions
12592,Cam Rayner,brisbane_lions
12610,Zac Bailey,brisbane_lions
12724,Darcy Fort,brisbane_lions
12810,Sam Draper,brisbane_lions
12838,Keidean Coleman,brisbane_lions
12968,Kai Lohmann,brisbane_lions
13005,James Tunstill,brisbane_lions
13026,Darcy Wilmot,brisbane_lions
13040,Will Ashcroft,brisbane_lions
13072,Jaspa Fletcher,brisbane_lions
13137,Logan Morris,brisbane_lions
13138,Bruce Reville,brisbane_lions
13197,Levi Ashcroft,brisbane_lions
12217,Brodie Grundy,sydney
12268,Jake Lloyd,sydney
12326,Isaac Heeney,sydney
12412,Tom Papley,sydney
12413,Callum Mills,sydney
12421,Charlie Curnow,sydney
12526,Lewis Melican,sydney
12627,Tom McCartin,sydney
12699,Nick Blakey,sydney
12711,Justin McInerney,sydney
12714,James Rowbottom,sydney
12797,Chad Warner,sydney
12818,Sam Wicks,sydney
12844,Joel Amartey,sydney
12860,James Jordon,sydney
12861,Logan McDonald,sydney
12903,Malcolm Rosas,sydney
12951,Angus Sheldrick,sydney
13022,Jai Serong,sydney
13157,Caiden Cleary,sydney
13195,Riley Bice,sydney
12091,Nick Haynes,carlton
12261,Patrick Cripps,carlton
12276,Blake Acres,carlton
12402,Jacob Weitering,carlton
12404,Mitch McGovern,carlton
12411,George Hewett,carlton
12417,Marc Pittonet,carlton
12497,Oliver Florent,carlton
12498,Ben Ainsworth,carlton
12508,Nic Newman,carlton
12509,Will Hayward,carlton
12566,Harry McKay,carlton
12603,Adam Cerra,carlton
12684,Sam Walsh,carlton
12873,Francis Evans,carlton
12937,Brodie Kemp,carlton
13028,Lachlan Cowan,carlton
13274,Jagga Smith,carlton
11713,Taylor Walker,adelaide
12165,Rory Laird,adelaide
12367,Alex Neal-Bullen,adelaide
12405,Wayne Milera,adelaide
12414,Callum Ah Chee,adelaide
12434,Ben Keays,adelaide
12516,Jordan Dawson,adelaide
12584,Darcy Fogarty,adelaide
12829,Jordon Butts,adelaide
12849,Sam Berry,adelaide
12912,Josh Worrell,adelaide
12932,Brayden Cook,adelaide
12934,James Peatling,adelaide
12952,Jake Soligo,adelaide
12953,Josh Rachele,adelaide
13027,Max Michalanney,adelaide
13065,Lachlan McAndrew,adelaide
13081,Luke Nankervis,adelaide
13086,James Borlase,adelaide
13132,Daniel Curtin,adelaide
13159,Zac Taylor,adelaide
12331,Touk Miller,gold_coast
12403,Daniel Rioli,gold_coast
12430,Christian Petracca,gold_coast
12444,Sam Collins,gold_coast
12521,Ben Long,gold_coast
12625,Charlie Ballard,gold_coast
12728,Ben King,gold_coast
12743,John Noble,gold_coast
12767,Noah Anderson,gold_coast
12768,Matt Rowell,gold_coast
12933,Joel Jeffrey,gold_coast
13019,Mac Andrew,gold_coast
13041,Bodhi Uwland,gold_coast
13049,Bailey Humphrey,gold_coast
13050,Ned Moyle,gold_coast
13114,Jed Walter,gold_coast
13119,Sam Clohesy,gold_coast
13232,Leo Lombard,gold_coast
13251,Oscar Adams,gold_coast
13285,Mitchell Edwards,geelong
12428,Mason Cox,fremantle
12542,Luke Ryan,fremantle
12544,Brennan Cox,fremantle
12801,Michael Frederick,fremantle
12454,Eric Hipwood,brisbane_lions
12519,Jarrod Berry,brisbane_lions
12718,Noah Answerth,brisbane_lions
13235,Ty Gallop,brisbane_lions
12025,Toby Greene,greater_western_sydney
12028,Stephen Coniglio,greater_western_sydney
12167,Jake Stringer,greater_western_sydney
12377,Jayden Laverde,greater_western_sydney
12410,Clayton Oliver,greater_western_sydney
12462,Harry Himmelberg,greater_western_sydney
12644,Sam Taylor,greater_western_sydney
12750,Connor Idun,greater_western_sydney
12772,Toby Bedford,greater_western_sydney
12782,Lachie Ash,greater_western_sydney
12821,Xavier OHalloran,greater_western_sydney
12904,Kieren Briggs,greater_western_sydney
12910,Callum Brown,greater_western_sydney
12969,Finn Callaghan,greater_western_sydney
12986,Mitch Knevitt,geelong
13001,Ryan Angwin,greater_western_sydney
13045,Harry Rowston,greater_western_sydney
13054,Aaron Cadman,greater_western_sydney
13101,Harvey Thomas,greater_western_sydney
13164,Joe Fonti,greater_western_sydney
13217,Oliver Wiltshire,geelong
13279,Phoenix Gothard,greater_western_sydney
12060,Bradley Hill,st_kilda
12312,Mason Wood,st_kilda
12458,Jack Silvagni,st_kilda
12564,Rowan Marshall,st_kilda
12591,Hunter Clark,st_kilda
12600,Liam Ryan,st_kilda
12609,Jack Higgins,st_kilda
12703,Callum Wilkie,st_kilda
12721,Liam Stocker,st_kilda
12802,Ryan Byrnes,st_kilda
12831,Liam Henry,st_kilda
12929,Cooper Sharman,st_kilda
12948,Mitch Owens,st_kilda
12950,Nasiah Wanganeen-Milera,st_kilda
12967,Marcus Windhager,st_kilda
13035,Anthony Caminiti,st_kilda
13036,Mattaes Phillipou,st_kilda
13110,Darcy Wilson,st_kilda
13125,Hugo Garcia,st_kilda
13193,Max Hall,st_kilda
13194,Liam OConnell,st_kilda
13206,Tobie Travaglia,st_kilda
11966,Max Gawn,melbourne
12009,Tom McDonald,melbourne
12351,Jake Lever,melbourne
12368,Jack Steele,melbourne
12393,Ed Langdon,melbourne
12598,Bayley Fritsch,melbourne
12653,Harry Petty,melbourne
12693,Tom Sparrow,melbourne
12756,Kade Chandler,melbourne
12771,Kysaiah Pickett,melbourne
12778,Trent Rivers,melbourne
12864,Harry Sharp,melbourne
12931,Jake Bowey,melbourne
13032,Bailey Laurie,melbourne
13048,Jacob van Rooyen,melbourne
13098,Blake Howes,melbourne
13123,Koltyn Tholstrup,melbourne
13182,Matthew Jefferson,melbourne
13184,Harvey Langford,melbourne
13286,Latrelle Pickett,melbourne
13064,George Wardlaw,north_melbourne
13130,Riley Hardeman,north_melbourne
13144,Wil Dawson,north_melbourne
13256,Zac Banch,north_melbourne
13287,Tom Blamires,north_melbourne
11948,Tom Lynch,richmond
12174,Nick Vlastuin,richmond
12374,Toby Nankervis,richmond
12418,Jayden Short,richmond
12504,Tim Taranto,richmond
12902,Hugo Ralphsmith,richmond
12918,Samson Ryan,richmond
12935,Maurice Rioli,richmond
12941,Ben Miller,richmond
12997,Judson Clarke,richmond
13078,Sam Banks,richmond
13096,Tom Brown,richmond
13100,Seth Campbell,richmond
13113,Mykelti Lefau,richmond
13117,Kane McAuliffe,richmond
13145,Steely Green,richmond
13191,Luke Trainor,richmond
13218,Campbell Gray,richmond
13253,Taj Hotton,richmond
13290,Sam Grlj,richmond
13313,Patrick Retschko,richmond
13338,Kye Annand,richmond
12300,Tim Membrey,collingwood
12536,Harry Perryman,collingwood
12629,Isaac Cumming,adelaide
12872,Nick Murray,adelaide
12892,Riley Thilthorpe,adelaide
12921,Luke Pedlar,adelaide
13146,Edward Allan,collingwood
13165,Hugh Bond,adelaide
12537,Tim English,western_bulldogs
12691,Chayce Jones,adelaide
12769,Connor Budarick,western_bulldogs
12798,Izak Rankine,adelaide
12141,Jaeger OMeara,fremantle
12473,Reilly OBrien,adelaide
12175,Zac Williams,carlton
12559,Lewis Young,carlton
12727,Mitch Hinge,adelaide
12965,Jordan Boyd,carlton
13016,Elijah Hollands,carlton
13029,Oliver Hollands,carlton
13212,Matt Carroll,carlton
12325,Jack Sinclair,st_kilda
12490,Dan Butler,st_kilda
12674,Tom De Koning,st_kilda
12824,Sam Flanders,st_kilda
12976,Jack Carroll,st_kilda
13219,Finnbar Maley,adelaide
13220,Hugh Boxshall,st_kilda
12090,Lincoln McCarthy,brisbane_lions
12655,Oscar Allen,brisbane_lions
12575,Todd Marshall,port_adelaide
11820,Jake Melksham,melbourne
12809,Mark Keane,adelaide
12996,Daniel Turner,melbourne
13099,Caleb Windsor,melbourne
12704,Jack Lukosius,port_adelaide
12757,Brandon Zerk-Thatcher,port_adelaide
12946,Jackson Mead,port_adelaide
13301,Josh Lai,port_adelaide
12087,Elliot Yeo,west_coast
12334,Liam Duggan,west_coast
12446,Tom Cole,west_coast
12595,Tim Kelly,west_coast
12601,Jake Waterman,west_coast
12661,Liam Baker,west_coast
12668,Brandon Starcevich,west_coast
12836,Bailey Williams,west_coast
12957,Brady Hough,west_coast
13000,Rhett Bazzo,west_coast
13043,Tylar Young,west_coast
13111,Harley Reid,west_coast
13150,Billy Dowling,adelaide
13151,Jack Hutchinson,west_coast
13210,Hamish Davis,west_coast
13221,Bo Allan,west_coast
13240,Tom McCarthy,west_coast
13247,Jobe Shanahan,west_coast
13292,Willem Duursma,west_coast
13294,Milan Murdock,west_coast
12307,Nick Holman,gold_coast
12652,Wil Powell,gold_coast
13120,Will Graham,gold_coast
13121,Ethan Read,gold_coast
13278,Zeke Uwland,gold_coast
13068,Harvey Harrison,collingwood
13280,Toby Murray,adelaide
13306,Angus Anderson,collingwood
12241,Zach Merrett,essendon
12349,Kyle Langford,essendon
12366,Peter Wright,essendon
12437,Mason Redman,essendon
12491,Andrew McGrath,essendon
12567,Will Setterfield,essendon
12853,Harry Jones,essendon
12874,Jaxon Prior,essendon
12889,Zach Reid,essendon
12899,Nick Bryan,essendon
12925,Sam Durham,essendon
13148,Nate Caddy,essendon
13168,Archie Roberts,essendon
13177,Isaac Kako,essendon
13223,Archer Day-Wicks,essendon
13229,Angus Clarke,essendon
13231,Zak Johnson,essendon
13283,Dyson Sharp,essendon
13299,Jacob Farrow,essendon
11917,Dion Prestia,richmond
12456,Nathan Broad,richmond
13014,Tyler Sonsie,richmond
13190,Sam Lalor,richmond
12143,Lachie Whitfield,greater_western_sydney
12886,Conor Stone,greater_western_sydney
13088,Toby McMullin,greater_western_sydney
13158,Max Gruzewski,greater_western_sydney
13222,Josaia Delana,greater_western_sydney
13236,Nick Madden,greater_western_sydney
13328,Hugo Hall-Kahan,adelaide
12166,Jack Macrae,st_kilda
13243,Alix Tauru,st_kilda
12321,Jesse Hogan,greater_western_sydney
12834,Jake Riccardi,greater_western_sydney
12076,Dayne Zorko,brisbane_lions
12654,Darragh Joyce,brisbane_lions
13133,Lachlan Sullivan,collingwood
12406,Darcy Parish,essendon
12580,Ben McKay,essendon
12696,Xavier Duursma,essendon
12755,Jye Caldwell,essendon
13087,Elijah Tsatas,essendon
13203,Saad El-Hawli,essendon
13237,Lachlan Blakiston,essendon
13238,Archie May,essendon
11845,Jack Gunston,hawthorn
12237,Jarman Impey,hawthorn
12332,James Sicily,hawthorn
12357,Karl Amon,hawthorn
12383,Tom Barrass,hawthorn
12469,Blake Hardwick,hawthorn
12558,Josh Battle,hawthorn
12565,Jack Scrimshaw,hawthorn
12636,Mitch Lewis,hawthorn
12670,Conor Nash,hawthorn
12710,Dylan Moore,hawthorn
12843,Finn Maginness,hawthorn
12856,Lloyd Meek,hawthorn
12906,Ned Reeves,hawthorn
12915,Jai Newcombe,hawthorn
12927,Jack Ginnivan,hawthorn
12954,Connor Macdonald,hawthorn
12955,Josh Ward,hawthorn
12998,Massimo DAmbrosio,hawthorn
13031,Cam Mackenzie,hawthorn
13057,Josh Weddle,hawthorn
13105,Nick Watson,hawthorn
13135,Calsher Dear,hawthorn
13147,Wil Parker,collingwood
12015,Harry Cunningham,sydney
13038,Reuben Ginbey,west_coast
13070,Ryan Maric,west_coast
12054,Adam Treloar,western_bulldogs
12608,Nick Coffield,western_bulldogs
12854,Lachlan McNeil,western_bulldogs
13046,Arthur Jones,western_bulldogs
13276,Michael Sellwood,western_bulldogs
12597,Esava Ratugolea,port_adelaide
13269,Ewan Mackinlay,port_adelaide
12686,Noah Balta,richmond
12883,Rhyan Mansell,richmond
13095,James Trezise,richmond
13077,Cooper Harvey,north_melbourne
12822,Matthew Cottrell,carlton
13170,Cooper Lord,carlton
13273,Harry Dean,carlton
13297,Talor Byrne,carlton
13291,Cooper Duff-Tytler,west_coast
13293,Josh Lindsay,west_coast
13228,Will Hayes,collingwood
12177,Jarrod Witts,gold_coast
12272,Christian Salem,melbourne
12385,Lachie Weller,gold_coast
12639,Brody Mihocek,melbourne
13015,Jai Culley,melbourne
13126,Jake Rogers,gold_coast
13185,Xavier Lindsay,melbourne
12415,Jade Gresham,essendon
12631,Jordan Ridley,essendon
12852,Nik Cox,essendon
12879,Archie Perkins,essendon
12752,Changkuoth Jiath,melbourne
13242,Jasper Alger,richmond
13316,Sam Cumming,richmond
12701,Bailey Scott,north_melbourne
13025,Josh Goater,north_melbourne
13254,Max Heath,melbourne
12485,Mabior Chol,hawthorn
12579,Harry Morrison,hawthorn
12846,Jack Buckley,greater_western_sydney
12988,Sam Butler,hawthorn
12481,Brayden Fiorini,essendon
12140,Dane Rampe,sydney
12994,Matt Roberts,sydney
13053,Corey Warner,sydney
12841,Flynn Perez,hawthorn
13102,Harvey Gallagher,western_bulldogs
13179,Josh Dolan,western_bulldogs
12923,Jamarra Ugle-Hagan,gold_coast
12794,Will Day,hawthorn
13201,Isaac Keeler,st_kilda
13069,Bailey Macdonald,hawthorn
13307,Sullivan Robey,essendon
13211,Tom Gross,west_coast
12862,Errol Gulden,sydney
12420,Dougal Howard,st_kilda
12730,Callum Coleman-Jones,north_melbourne
12330,Adam Saad,carlton
12359,Joel Hamling,sydney
12729,Peter Ladhams,sydney
13303,Wade Derksen,carlton
13272,Lachlan Gulbin,gold_coast
13116,Angus Hastie,st_kilda
13265,Jordan Croft,western_bulldogs
13284,Will Lewis,western_bulldogs
12745,Hayden McLean,sydney
12800,Cody Weightman,western_bulldogs
13173,Tom Hanily,sydney
12987,Luke Cleary,western_bulldogs
13216,Jedd Busslinger,western_bulldogs
12776,Laitham Vandermeer,western_bulldogs
12697,Connor Rozee,port_adelaide
13056,Ollie Lord,port_adelaide
13108,Toby Pink,north_melbourne
13186,Jacob Konstanty,north_melbourne
11937,Jamie Cripps,west_coast
12774,Deven Robertson,west_coast
12811,Harry Edwards,west_coast
12870,Matt Flynn,west_coast
13196,Archer Reid,west_coast
13214,Jonty Faull,richmond
12656,Brent Daniels,greater_western_sydney
13020,Leek Aleer,greater_western_sydney
12520,Zac Fisher,north_melbourne
13044,Elijah Hewett,west_coast
13136,Harvey Johnston,west_coast
12773,Max King,st_kilda
12863,Braeden Campbell,sydney
12440,Jacob Hopper,richmond
12942,Alex Davies,gold_coast
13189,Harry Armstrong,richmond
12813,Harry Schoenberg,west_coast
12839,Matthew Owies,west_coast
13142,Shadeau Brain,brisbane_lions
13209,Sandy Brock,west_coast
12848,Jy Farrar,gold_coast
12541,Will Brodie,port_adelaide
12596,Lachie Fogarty,carlton
12947,Josh Gibcus,richmond
13039,Campbell Chesser,carlton
12612,Matt Guelfi,essendon
13058,Max Ramsden,hawthorn
13091,Henry Hustwaite,hawthorn
13300,Paddy Cross,melbourne
12732,Ryan Gardner,western_bulldogs
13318,Will Edwards,sydney
13289,Jack Watkins,port_adelaide
12820,Jeremy Sharp,fremantle
13171,Ashton Moir,carlton
13245,Flynn Young,carlton
13282,Max Kondogiannis,essendon
12588,Bailey Banfield,fremantle
