,disposals,kicks,handballs,effective_disposals,disposal_efficiency_pct,contested_possessions,uncontested_possessions,clearances,centre_clearances,stoppage_clearances,tackles,goals,behinds,goal_assists,score_involvements,marks,contested_marks,inside_50s,metres_gained,hitouts,one_percenters,rebound_50s,frees_for,frees_against,disposals_match_z,disposals_team_share,disposals_gap_best_team,contested_possessions_match_z,clearances_match_z,goals_match_z,possession_impact_index,contest_index,scoring_index,territory_index,defensive_index,margin,absolute_margin,afl_fantasy_points,supercoach_points,brownlow_votes
disposals,1.0,0.8306061563758115,0.7709583453803207,0.9152761927947102,0.03766625827102445,0.6243535151810228,0.8703109418732558,0.49839805977372637,0.3808074089467971,0.45611351333025824,0.2786880145321616,-0.008851003490812746,0.038391282525440835,0.16586125441686625,0.43301885696421616,0.4199798498773839,-0.057776959670768346,0.49920561825038157,0.7131927072168438,-0.14714870967084182,-0.03461409944118066,0.40666798458336545,0.187220986110383,0.0537299094935718,0.9788932322438322,0.9702114529289428,0.8232401354335088,0.6170204171905184,0.47600135963954476,-0.01479671333404654,0.9656059605719841,0.5649861042343279,0.10165892060870561,0.7073078048280831,0.3499935309026572,0.10231420820869092,0.026254218350678878,0.8298819077647848,0.7400747351265746,0.31081109993197364
kicks,0.8306061563758115,1.0,0.32384296246102034,0.7280636458627409,-0.01641737225019995,0.40486898549034633,0.7680594859453888,0.2958334685634902,0.19618561045684682,0.2710277694646704,0.14796653359402714,0.06458154889299784,0.09584132552568396,0.14106305764655214,0.3636176553363337,0.5595122056496514,0.03764801861317487,0.4946189234061792,0.8400358857747517,-0.17694383198704974,0.024176027588052738,0.4662443188493341,0.1850867543498639,0.02305206138595285,0.8238532695604274,0.8152439141361854,0.6957022695049216,0.40104207215529025,0.2828082142723536,0.05366077741114049,0.7860177110879011,0.34498477436010905,0.1422980633549777,0.7984719530626363,0.3463853279347359,0.11645084099541496,0.009943778967027375,0.7723126825879748,0.6624351870774591,0.2903216426644445
handballs,0.7709583453803207,0.32384296246102034,1.0,0.7176008646677214,0.07182741738981926,0.6329890252435556,0.630444581894993,0.5299866594884267,0.42696815977052566,0.4723369738295072,0.3242570567720142,-0.06938560873949845,-0.026580016633909465,0.13790434709343474,0.33840317159351074,0.10687764118755329,-0.13390970724261056,0.32134235992172216,0.27903165901720217,-0.04562491867430155,-0.07716205761582984,0.17108557207565556,0.1243513989414165,0.07246943125844928,0.7424459901867745,0.7385080451803671,0.6245279867326781,0.6235622207729098,0.5047378348178369,-0.07219399244135923,0.7657362151424428,0.5982093390700144,0.035381155005718395,0.32381613200080167,0.2131042092922997,0.04736308594306456,0.034667194758836575,0.5354393155217201,0.5057750491355126,0.22195453712437765
effective_disposals,0.9152761927947102,0.7280636458627409,0.7176008646677214,1.0,0.38003359573175993,0.4780876565392616,0.8332847937278519,0.38387788036664483,0.3099675129761626,0.36551463549507524,0.17620458415510107,-0.06985217467577647,-0.09938659434421455,0.13045679739561133,0.38200251591075207,0.42742489170729525,-0.06998606663829347,0.36829832454628386,0.6400495350210156,-0.18899993464069825,-0.020753408663368222,0.42812910035024776,0.13704466752509042,-0.0015770351548018305,0.8900699748144963,0.8748813883840486,0.7342809262917798,0.48028979475062894,0.37382889040479533,-0.07292920592559958,0.8661657905574046,0.4250058674784061,-0.0048316224452889045,0.6459883605115047,0.33990185568722814,0.12699451228007946,0.035819833801837925,0.761518795801876,0.7471177290060853,0.28472539679967435
disposal_efficiency_pct,0.03766625827102445,-0.01641737225019995,0.07182741738981926,0.38003359573175993,1.0,-0.162873724636026,0.13263796257477153,-0.1599986045880513,-0.11998013499427074,-0.14900139705762916,-0.12779572033520967,-0.10624467208920145,-0.32261283505012384,-0.024980415398881,-0.05610080089333469,0.21474004794123555,0.02997346299430973,-0.17510073337648907,-0.04162831591366416,-0.09443806378754545,0.16651998016896205,0.21270039359158574,-0.024364861500276367,-0.05573870043892175,0.026541013551202027,0.011233711881187504,-0.003429959460289477,-0.14316338301819154,-0.14235566435596414,-0.11210531787674206,-0.001575586612267773,-0.16580482817033276,-0.19827160626152682,0.006348515385315173,0.17617117726147105,0.08705989850258433,0.0378611553257389,-0.006419001804817123,0.16328602748473584,-0.018884962354503522
contested_possessions,0.6243535151810228,0.40486898549034633,0.6329890252435556,0.4780876565392616,-0.162873724636026,1.0,0.25619599841991814,0.635809562343149,0.5080301650651659,0.5788988959519378,0.360623894041047,0.1093576370979784,0.11755472796774123,0.16245367690375218,0.37852504508417406,0.06157776267721152,0.15317589511055318,0.38124954839276415,0.30967075706219804,0.10887427676217579,0.01034306782390339,0.08156354888188873,0.379193109676759,0.1469909282662893,0.6173870747765253,0.6204738451784207,0.5365369660742688,0.9784095191203077,0.5954570798160229,0.09126477221423433,0.7000200381413298,0.808924578222881,0.19537808843347812,0.32825149031323614,0.2175949645639453,0.06133289626480576,-0.01766578157296061,0.5485813671422114,0.6250651099999456,0.28012556137241135
uncontested_possessions,0.8703109418732558,0.7680594859453888,0.630444581894993,0.8332847937278519,0.13263796257477153,0.25619599841991814,1.0,0.27718788276402645,0.18943398310119675,0.2437437675386606,0.1670605816663619,-0.04236945376024474,0.006054549845527055,0.14070974287466306,0.3518267790595544,0.5174638454457542,-0.16595494087344967,0.4333828782416131,0.6671248257937986,-0.2509401808566152,-0.04994045737699281,0.4066431666973513,0.03435754048447715,0.008379718778661449,0.8435849648734219,0.8291341403699022,0.6989439573613455,0.25871343573535627,0.27200241326874525,-0.047226836612401075,0.8106725062982658,0.2837802739678613,0.05321827254640379,0.6596959383001331,0.2851323133230028,0.10078254722460703,0.04923749533978194,0.6939795568772394,0.5400668612819245,0.2349460718017106
clearances,0.49839805977372637,0.2958334685634902,0.5299866594884267,0.38387788036664483,-0.1599986045880513,0.635809562343149,0.27718788276402645,1.0,0.7151039671435865,0.9088158805795478,0.3965173111176059,0.034502298365361436,0.06383376189443009,0.14651480773102843,0.31921252525912003,-0.0998555184325166,-0.1419589669484934,0.4015938462518129,0.26392468383597595,0.1606968377955737,-0.15600195994048086,0.012100488579995046,0.22465690485773662,0.13217052747113658,0.5029751919986887,0.5088108448152775,0.45124440704212454,0.6322354560533775,0.9503013134273608,0.0301573892385367,0.5487513035064282,0.7864090891912578,0.1442671812229272,0.2857516940704024,0.12080646143452059,0.0226487232808549,-0.003334832668221953,0.45157040326425596,0.4203098938558185,0.2353110746818797
centre_clearances,0.3808074089467971,0.19618561045684682,0.42696815977052566,0.3099675129761626,-0.11998013499427074,0.5080301650651659,0.18943398310119675,0.7151039671435865,1.0,0.46559677664321014,0.3209270798905425,0.0216005562040246,0.03843503003723234,0.12189029939333687,0.28096500723568973,-0.11845868251092723,-0.10157667783680475,0.33414566746693597,0.18957143099051588,0.1494936173345869,-0.13263220031934916,-0.0558038991726193,0.18894941227277717,0.121154962971406,0.3806803887540415,0.3854869300955039,0.34831257391152737,0.5092391071806432,0.6844603387358702,0.004610881506181286,0.42030896544692337,0.6125271663855317,0.09925653066559383,0.20112385427779392,0.07883410105137272,0.020311557835669194,0.021854692239809934,0.36678293742684526,0.343274559650556,0.22913573001319618
stoppage_clearances,0.45611351333025824,0.2710277694646704,0.4723369738295072,0.36551463549507524,-0.14900139705762916,0.5788988959519378,0.2437437675386606,0.9088158805795478,0.46559677664321014,1.0,0.3502934408398718,0.01837244089769122,0.05099617217178677,0.12231242215622506,0.282223370545734,-0.11328713676150322,-0.14803063293032054,0.3446644640573853,0.2597965305124149,0.12315785735440848,-0.16285769959023702,0.022048580303195245,0.19399713095365015,0.1008294164492302,0.463136956773122,0.4679793232453448,0.4116319950083181,0.5736107378669805,0.8627042029680986,0.025388530262473834,0.5053417933135652,0.7117941203399791,0.12271626833594558,0.2665103509782405,0.09715697924065611,0.020764017609723028,-0.019856648385161362,0.4243218161843585,0.39995171430422977,0.21619064419651915
tackles,0.2786880145321616,0.14796653359402714,0.3242570567720142,0.17620458415510107,-0.12779572033520967,0.360623894041047,0.1670605816663619,0.3965173111176059,0.3209270798905425,0.3502934408398718,1.0,0.03642341269160125,0.049983094531131984,0.1059562501756042,0.16493688064489756,-0.09461842513808862,-0.10683203030900024,0.2520940141109809,0.10960584709275918,0.024795518133756175,-0.09136852937697612,-0.017494133452161335,0.21653375951249446,0.11163419677469394,0.27064038116283606,0.2784557156601905,0.2408146094516516,0.33569308941049186,0.3623913183172433,0.028567758572044435,0.29623992972062096,0.7104398900470041,0.11294030196306827,0.13944536707721086,0.4427934382477151,0.019094822284560543,-0.024500588364752718,0.4247380999670356,0.32863683307880287,0.13244482861811976
goals,-0.008851003490812746,0.06458154889299784,-0.06938560873949845,-0.06985217467577647,-0.10624467208920145,0.1093576370979784,-0.04236945376024474,0.034502298365361436,0.0216005562040246,0.01837244089769122,0.03642341269160125,1.0,0.28919003179865066,0.1711723368742802,0.44697763182339584,0.08596479450876254,0.16477344211537892,0.1708690689104305,0.07127648058551755,0.07972183725505738,-0.17610092599803573,-0.3282865771058666,0.10610462290470957,0.027285933410353288,-0.014112037796158133,-0.028153548204332846,-0.02691709923293161,0.1077519086539436,0.029696510696605977,0.8326756980537336,0.0074379470715842865,0.0809325432258789,0.678625062792334,-0.03889284929650177,-0.27127621921456696,0.13164101156794258,0.013282680337820396,0.205309417143226,0.21107950466477998,0.1784994866031146
behinds,0.038391282525440835,0.09584132552568396,-0.026580016633909465,-0.09938659434421455,-0.32261283505012384,0.11755472796774123,0.006054549845527055,0.06383376189443009,0.03843503003723234,0.05099617217178677,0.049983094531131984,0.28919003179865066,1.0,0.14632159929455735,0.40669029681372054,0.07327830959717391,0.11096669397004981,0.18490178968881954,0.1040873725100137,0.057630805232626085,-0.1552771508977449,-0.2545260362148434,0.08616311416710246,0.022709023275927172,0.0332802775016041,0.025869543465328656,0.02230815409726352,0.11657861111345279,0.06138850644909148,0.25029327917399524,0.051744198140631505,0.1004235031005914,0.5221091100766212,0.01270199743915926,-0.2113227756805458,0.05579322945640522,0.006649554411013485,0.13213834415111586,0.06968921880664618,0.0976908128692789
goal_assists,0.16586125441686625,0.14106305764655214,0.13790434709343474,0.13045679739561133,-0.024980415398881,0.16245367690375218,0.14070974287466306,0.14651480773102843,0.12189029939333687,0.12231242215622506,0.1059562501756042,0.1711723368742802,0.14632159929455735,1.0,0.402040676750584,0.04859953593319021,-0.0032095705813731815,0.3215437165933576,0.1533223880523042,-0.0007812596059202925,-0.13643396091276142,-0.14611708965293993,0.06185668370943401,0.019509274000027516,0.16233729654060866,0.14925692883393854,0.12868097688226138,0.16443057446749054,0.13920337284145765,0.12597477599915716,0.17560359984828905,0.175787705553077,0.6517500748088428,0.14589911382930004,-0.10075991305539721,0.1439704178919435,0.02348166381766499,0.17565052344235843,0.21415048635838432,0.11932495149265977
score_involvements,0.43301885696421616,0.3636176553363337,0.33840317159351074,0.38200251591075207,-0.05610080089333469,0.37852504508417406,0.3518267790595544,0.31921252525912003,0.28096500723568973,0.282223370545734,0.16493688064489756,0.44697763182339584,0.40669029681372054,0.402040676750584,1.0,0.2010664834018489,0.057274974209703865,0.4539856527869512,0.367926083257812,0.05908365323039621,-0.2204234171396664,-0.18267642657026675,0.1614660135376963,0.036909342441145375,0.41424304188294575,0.38223965840489205,0.3219437137571596,0.38453326745433747,0.31037594245129757,0.34713755044034805,0.4380687926719999,0.36615782540417907,0.5608155946458424,0.27996322891263786,-0.13305272671939472,0.2802192214156222,0.04339942794929824,0.5331945822647637,0.5107135983295763,0.28480206926568574
marks,0.4199798498773839,0.5595122056496514,0.10687764118755329,0.42742489170729525,0.21474004794123555,0.06157776267721152,0.5174638454457542,-0.0998555184325166,-0.11845868251092723,-0.11328713676150322,-0.09461842513808862,0.08596479450876254,0.07327830959717391,0.04859953593319021,0.2010664834018489,1.0,0.3285391711385625,0.14126163453911503,0.37241450383322333,-0.062451399015491314,0.1472444371374449,0.29536306824127856,-0.0034040752904247,-0.020972375904193843,0.4032027972391111,0.3846063889054497,0.3184719619080699,0.078071333240025,-0.08556336161060867,0.06811907840820625,0.37776198850893694,-0.025761257743247636,0.07374228162515048,0.3658946587276248,0.2051849386079858,0.11447732926901177,0.04447930464592863,0.5134879552490107,0.3950208347386466,0.14398686086269816
contested_marks,-0.057776959670768346,0.03764801861317487,-0.13390970724261056,-0.06998606663829347,0.02997346299430973,0.15317589511055318,-0.16595494087344967,-0.1419589669484934,-0.10157667783680475,-0.14803063293032054,-0.10683203030900024,0.16477344211537892,0.11096669397004981,-0.0032095705813731815,0.057274974209703865,0.3285391711385625,1.0,-0.05602812208328094,-0.041375588629080896,0.21409669621895316,0.18428698950499817,-0.028289549372862224,0.04712023333550937,0.030459555989866393,-0.06294745829165813,-0.06835358916193342,-0.06249168069744249,0.1503725508916979,-0.1402198180396436,0.13670932361952307,-0.04213324654575477,-0.02121867204073486,0.10477402780313595,-0.04802459584935008,0.024627848285224133,0.04907562018322252,-0.008600122039220713,0.08160700429821026,0.1504227038975327,0.054973415713818315
inside_50s,0.49920561825038157,0.4946189234061792,0.32134235992172216,0.36829832454628386,-0.17510073337648907,0.38124954839276415,0.4333828782416131,0.4015938462518129,0.33414566746693597,0.3446644640573853,0.2520940141109809,0.1708690689104305,0.18490178968881954,0.3215437165933576,0.4539856527869512,0.14126163453911503,-0.05602812208328094,1.0,0.5882210747180081,-0.03284942092205127,-0.19062832808570215,-0.04829763405434736,0.16204901211774464,0.06489595656518828,0.4961221022077321,0.49070963631471554,0.42611930450566,0.37469857309106597,0.38196273303470163,0.14268825976602292,0.5090415367865908,0.4166114137450775,0.3437204081374691,0.6627280262728803,-0.017561834465545795,0.10679040987232395,-5.949599959994299e-05,0.4636042143744814,0.3845113165331956,0.22675588743460867
metres_gained,0.7131927072168438,0.8400358857747517,0.27903165901720217,0.6400495350210156,-0.04162831591366416,0.30967075706219804,0.6671248257937986,0.26392468383597595,0.18957143099051588,0.2597965305124149,0.10960584709275918,0.07127648058551755,0.1040873725100137,0.1533223880523042,0.367926083257812,0.37241450383322333,-0.041375588629080896,0.5882210747180081,1.0,-0.20080058111288132,-0.06271752133589321,0.4186335779852614,0.11234294733879249,-0.004819379580934416,0.7122382377824702,0.7114207186849723,0.6060578920398672,0.30372787834657533,0.2529146480806555,0.05791933949608127,0.6763662160886367,0.2732362559870766,0.1551058375189604,0.9063844158822558,0.25880149645632183,0.09744385979202086,-0.007527974839764308,0.6543758773964666,0.5797217365080706,0.26015897023663925
hitouts,-0.14714870967084182,-0.17694383198704974,-0.04562491867430155,-0.18899993464069825,-0.09443806378754545,0.10887427676217579,-0.2509401808566152,0.1606968377955737,0.1494936173345869,0.12315785735440848,0.024795518133756175,0.07972183725505738,0.057630805232626085,-0.0007812596059202925,0.05908365323039621,-0.062451399015491314,0.21409669621895316,-0.03284942092205127,-0.20080058111288132,1.0,0.1297523008956056,-0.16249114914349785,0.11286677207230311,0.11390149258599931,-0.15328829782124587,-0.15323427460749792,-0.13099738833447555,0.10582008071108698,0.1497824201565546,0.06715050769536379,-0.12019502269770947,0.11870474133622645,0.06458864209615311,-0.18439670817765846,-0.030473377287419914,-0.0015908420218214193,0.01054669397810772,0.05488273915830775,0.06788368361608023,0.00784968999099434
one_percenters,-0.03461409944118066,0.024176027588052738,-0.07716205761582984,-0.020753408663368222,0.16651998016896205,0.01034306782390339,-0.04994045737699281,-0.15600195994048086,-0.13263220031934916,-0.16285769959023702,-0.09136852937697612,-0.17610092599803573,-0.1552771508977449,-0.13643396091276142,-0.2204234171396664,0.1472444371374449,0.18428698950499817,-0.19062832808570215,-0.06271752133589321,0.1297523008956056,1.0,0.27887553508624235,0.02311147694000815,0.0422419458825196,-0.042411860745343435,-0.04356629888988438,-0.051922967297519954,-0.007615978353257958,-0.1638579767512544,-0.15987335632485336,-0.043344203034787,-0.10644223537986147,-0.2401569593044278,0.012415224047064478,0.5783595987228296,0.017005119727687087,-0.021098593233309013,-0.0682486300149208,0.08381906378117342,-0.03701539220964638
rebound_50s,0.40666798458336545,0.4662443188493341,0.17108557207565556,0.42812910035024776,0.21270039359158574,0.08156354888188873,0.4066431666973513,0.012100488579995046,-0.0558038991726193,0.022048580303195245,-0.017494133452161335,-0.3282865771058666,-0.2545260362148434,-0.14611708965293993,-0.18267642657026675,0.29536306824127856,-0.028289549372862224,-0.04829763405434736,0.4186335779852614,-0.16249114914349785,0.27887553508624235,1.0,0.008842059364552983,-0.013030546018166432,0.40560571642362325,0.41893672706297713,0.35736839507363155,0.07486699304520701,0.007036320650451375,-0.2852233443612089,0.35688695717143565,0.02162066447947805,-0.34542332207390214,0.5790033598009211,0.6676632971353503,-0.032403860716374966,-0.006120616094944817,0.24234840961084392,0.2624766227773485,0.0382464662553639
frees_for,0.187220986110383,0.1850867543498639,0.1243513989414165,0.13704466752509042,-0.024364861500276367,0.379193109676759,0.03435754048447715,0.22465690485773662,0.18894941227277717,0.19399713095365015,0.21653375951249446,0.10610462290470957,0.08616311416710246,0.06185668370943401,0.1614660135376963,-0.0034040752904247,0.04712023333550937,0.16204901211774464,0.11234294733879249,0.11286677207230311,0.02311147694000815,0.008842059364552983,1.0,0.08046388316479838,0.19017356739311084,0.19017001720237012,0.166855320083661,0.37563782310582067,0.21238061693168162,0.0901740073291296,0.22781900537155614,0.34467564605154577,0.11989502707368796,0.12465182331750269,0.13096052827139226,0.020978327074750672,-0.004456406605311523,0.24789228515976663,0.2729484506069264,0.1359493390387767
frees_against,0.0537299094935718,0.02305206138595285,0.07246943125844928,-0.0015770351548018305,-0.05573870043892175,0.1469909282662893,0.008379718778661449,0.13217052747113658,0.121154962971406,0.1008294164492302,0.11163419677469394,0.027285933410353288,0.022709023275927172,0.019509274000027516,0.036909342441145375,-0.020972375904193843,0.030459555989866393,0.06489595656518828,-0.004819379580934416,0.11390149258599931,0.0422419458825196,-0.013030546018166432,0.08046388316479838,1.0,0.054624320065186034,0.059956650818755224,0.05743132761998742,0.14080306718889063,0.12316977134228828,0.02134523497644636,0.0774230974682213,0.15582983679276285,0.03560985503641568,0.017330960442629596,0.07309423146921622,-0.020047318117024218,-0.004743746077080769,-0.03569019049502008,-0.01890244373721214,0.04330123179952944
disposals_match_z,0.9788932322438322,0.8238532695604274,0.7424459901867745,0.8900699748144963,0.026541013551202027,0.6173870747765253,0.8435849648734219,0.5029751919986887,0.3806803887540415,0.463136956773122,0.27064038116283606,-0.014112037796158133,0.0332802775016041,0.16233729654060866,0.41424304188294575,0.4032027972391111,-0.06294745829165813,0.4961221022077321,0.7122382377824702,-0.15328829782124587,-0.042411860745343435,0.40560571642362325,0.19017356739311084,0.054624320065186034,1.0,0.9808766391383065,0.8439437797131464,0.6280636407748699,0.48908138967795073,-0.007059048813613531,0.9856187475520255,0.5746826988091637,0.10759864281430541,0.7174384433207875,0.3541915220950842,0.10399315007087272,0.00026474147159384875,0.8072169678377997,0.7484669242044272,0.3161729585498993
disposals_team_share,0.9702114529289428,0.8152439141361854,0.7385080451803671,0.8748813883840486,0.011233711881187504,0.6204738451784207,0.8291341403699022,0.5088108448152775,0.3854869300955039,0.4679793232453448,0.2784557156601905,-0.028153548204332846,0.025869543465328656,0.14925692883393854,0.38223965840489205,0.3846063889054497,-0.06835358916193342,0.49070963631471554,0.7114207186849723,-0.15323427460749792,-0.04356629888988438,0.41893672706297713,0.19017001720237012,0.059956650818755224,0.9808766391383065,1.0,0.8761750882593281,0.6252086634328743,0.48977055028138167,-0.022351768247537818,0.9673127763886469,0.5758612414304783,0.09011760432426313,0.7197044844846047,0.3618796913776197,0.007928831258493885,0.003678888128608188,0.7908708137293669,0.7280493144280802,0.30267465593437737
disposals_gap_best_team,0.8232401354335088,0.6957022695049216,0.6245279867326781,0.7342809262917798,-0.003429959460289477,0.5365369660742688,0.6989439573613455,0.45124440704212454,0.34831257391152737,0.4116319950083181,0.2408146094516516,-0.02691709923293161,0.02230815409726352,0.12868097688226138,0.3219437137571596,0.3184719619080699,-0.06249168069744249,0.42611930450566,0.6060578920398672,-0.13099738833447555,-0.051922967297519954,0.35736839507363155,0.166855320083661,0.05743132761998742,0.8439437797131464,0.8761750882593281,1.0,0.5485536431674376,0.4274318362220263,-0.015116455858247528,0.8340901134517743,0.5075176127207289,0.08252638264266375,0.6241055654439083,0.3140415454661325,-0.011006222561893715,-0.0017050098149618462,0.6662146840688458,0.625953878299554,0.2933412786961786
contested_possessions_match_z,0.6170204171905184,0.40104207215529025,0.6235622207729098,0.48028979475062894,-0.14316338301819154,0.9784095191203077,0.25871343573535627,0.6322354560533775,0.5092391071806432,0.5736107378669805,0.33569308941049186,0.1077519086539436,0.11657861111345279,0.16443057446749054,0.38453326745433747,0.078071333240025,0.1503725508916979,0.37469857309106597,0.30372787834657533,0.10582008071108698,-0.007615978353257958,0.07486699304520701,0.37563782310582067,0.14080306718889063,0.6280636407748699,0.6252086634328743,0.5485536431674376,1.0,0.6149980587392122,0.09895024142238522,0.713784904171561,0.8246657345813597,0.19981607786997616,0.33166481121351404,0.2193391818622053,0.06244296704499015,-0.0009635255525350053,0.5414536226587021,0.6315111003321753,0.28353395447660484
clearances_match_z,0.47600135963954476,0.2828082142723536,0.5047378348178369,0.37382889040479533,-0.14235566435596414,0.5954570798160229,0.27200241326874525,0.9503013134273608,0.6844603387358702,0.8627042029680986,0.3623913183172433,0.029696510696605977,0.06138850644909148,0.13920337284145765,0.31037594245129757,-0.08556336161060867,-0.1402198180396436,0.38196273303470163,0.2529146480806555,0.1497824201565546,-0.1638579767512544,0.007036320650451375,0.21238061693168162,0.12316977134228828,0.48908138967795073,0.48977055028138167,0.4274318362220263,0.6149980587392122,1.0,0.03563319815453389,0.5339188065935593,0.7727639415897161,0.14232316320564725,0.27600966251818854,0.11330949052706095,0.021455332637485034,0.0022981315074918802,0.4311529270955043,0.4057512530058511,0.22386771472310846
goals_match_z,-0.01479671333404654,0.05366077741114049,-0.07219399244135923,-0.07292920592559958,-0.11210531787674206,0.09126477221423433,-0.047226836612401075,0.0301573892385367,0.004610881506181286,0.025388530262473834,0.028567758572044435,0.8326756980537336,0.25029327917399524,0.12597477599915716,0.34713755044034805,0.06811907840820625,0.13670932361952307,0.14268825976602292,0.05791933949608127,0.06715050769536379,-0.15987335632485336,-0.2852233443612089,0.0901740073291296,0.02134523497644636,-0.007059048813613531,-0.022351768247537818,-0.015116455858247528,0.09895024142238522,0.03563319815453389,1.0,0.012393619094675984,0.07740452593880351,0.6693015101279373,-0.032936012488423164,-0.2398757825246959,0.1150152444381551,0.019492989174288523,0.16775010296098866,0.18642121874584353,0.14973482726467602
possession_impact_index,0.9656059605719841,0.7860177110879011,0.7657362151424428,0.8661657905574046,-0.001575586612267773,0.7000200381413298,0.8106725062982658,0.5487513035064282,0.42030896544692337,0.5053417933135652,0.29623992972062096,0.0074379470715842865,0.051744198140631505,0.17560359984828905,0.4380687926719999,0.37776198850893694,-0.04213324654575477,0.5090415367865908,0.6763662160886367,-0.12019502269770947,-0.043344203034787,0.35688695717143565,0.22781900537155614,0.0774230974682213,0.9856187475520255,0.9673127763886469,0.8340901134517743,0.713784904171561,0.5339188065935593,0.012393619094675984,1.0,0.6423691776200331,0.13363159883369388,0.6825764635015924,0.33781170120095433,0.10571505189294908,0.0005505426870798379,0.8056971376650499,0.7657551658671765,0.32208593746642855
contest_index,0.5649861042343279,0.34498477436010905,0.5982093390700144,0.4250058674784061,-0.16580482817033276,0.808924578222881,0.2837802739678613,0.7864090891912578,0.6125271663855317,0.7117941203399791,0.7104398900470041,0.0809325432258789,0.1004235031005914,0.175787705553077,0.36615782540417907,-0.025761257743247636,-0.02121867204073486,0.4166114137450775,0.2732362559870766,0.11870474133622645,-0.10644223537986147,0.02162066447947805,0.34467564605154577,0.15582983679276285,0.5746826988091637,0.5758612414304783,0.5075176127207289,0.8246657345813597,0.7727639415897161,0.07740452593880351,0.6423691776200331,1.0,0.19730703325750673,0.3065264737932806,0.3390159298387318,0.04743616431329728,0.0001004024925730699,0.5878237545212712,0.5829141600457711,0.260066685834655
scoring_index,0.10165892060870561,0.1422980633549777,0.035381155005718395,-0.0048316224452889045,-0.19827160626152682,0.19537808843347812,0.05321827254640379,0.1442671812229272,0.09925653066559383,0.12271626833594558,0.11294030196306827,0.678625062792334,0.5221091100766212,0.6517500748088428,0.5608155946458424,0.07374228162515048,0.10477402780313595,0.3437204081374691,0.1551058375189604,0.06458864209615311,-0.2401569593044278,-0.34542332207390214,0.11989502707368796,0.03560985503641568,0.10759864281430541,0.09011760432426313,0.08252638264266375,0.19981607786997616,0.14232316320564725,0.6693015101279373,0.13363159883369388,0.19730703325750673,1.0,0.0705629444354692,-0.27840670186539207,0.16044995198722606,-0.0055772641240489145,0.2462720932488303,0.25915749278986117,0.1931021616798398
territory_index,0.7073078048280831,0.7984719530626363,0.32381613200080167,0.6459883605115047,0.006348515385315173,0.32825149031323614,0.6596959383001331,0.2857516940704024,0.20112385427779392,0.2665103509782405,0.13944536707721086,-0.03889284929650177,0.01270199743915926,0.14589911382930004,0.27996322891263786,0.3658946587276248,-0.04802459584935008,0.6627280262728803,0.9063844158822558,-0.18439670817765846,0.012415224047064478,0.5790033598009211,0.12465182331750269,0.017330960442629596,0.7174384433207875,0.7197044844846047,0.6241055654439083,0.33166481121351404,0.27600966251818854,-0.032936012488423164,0.6825764635015924,0.3065264737932806,0.0705629444354692,1.0,0.40742201540499207,0.07910010732865504,0.0020756844341595013,0.6095673299277989,0.5656263039445423,0.23813957786869586
defensive_index,0.3499935309026572,0.3463853279347359,0.2131042092922997,0.33990185568722814,0.17617117726147105,0.2175949645639453,0.2851323133230028,0.12080646143452059,0.07883410105137272,0.09715697924065611,0.4427934382477151,-0.27127621921456696,-0.2113227756805458,-0.10075991305539721,-0.13305272671939472,0.2051849386079858,0.024627848285224133,-0.017561834465545795,0.25880149645632183,-0.030473377287419914,0.5783595987228296,0.6676632971353503,0.13096052827139226,0.07309423146921622,0.3541915220950842,0.3618796913776197,0.3140415454661325,0.2193391818622053,0.11330949052706095,-0.2398757825246959,0.33781170120095433,0.3390159298387318,-0.27840670186539207,0.40742201540499207,1.0,0.0034254902227626068,0.0017283692576334415,0.3364766927263265,0.3976118573055235,0.08328233962823749
margin,0.10231420820869092,0.11645084099541496,0.04736308594306456,0.12699451228007946,0.08705989850258433,0.06133289626480576,0.10078254722460703,0.0226487232808549,0.020311557835669194,0.020764017609723028,0.019094822284560543,0.13164101156794258,0.05579322945640522,0.1439704178919435,0.2802192214156222,0.11447732926901177,0.04907562018322252,0.10679040987232395,0.09744385979202086,-0.0015908420218214193,0.017005119727687087,-0.032403860716374966,0.020978327074750672,-0.020047318117024218,0.10399315007087272,0.007928831258493885,-0.011006222561893715,0.06244296704499015,0.021455332637485034,0.1150152444381551,0.10571505189294908,0.04743616431329728,0.16044995198722606,0.07910010732865504,0.0034254902227626068,1.0,0.0,0.15568980601823346,0.1987695084650813,0.1745843720079518
absolute_margin,0.026254218350678878,0.009943778967027375,0.034667194758836575,0.035819833801837925,0.0378611553257389,-0.01766578157296061,0.04923749533978194,-0.003334832668221953,0.021854692239809934,-0.019856648385161362,-0.024500588364752718,0.013282680337820396,0.006649554411013485,0.02348166381766499,0.04339942794929824,0.04447930464592863,-0.008600122039220713,-5.949599959994299e-05,-0.007527974839764308,0.01054669397810772,-0.021098593233309013,-0.006120616094944817,-0.004456406605311523,-0.004743746077080769,0.00026474147159384875,0.003678888128608188,-0.0017050098149618462,-0.0009635255525350053,0.0022981315074918802,0.019492989174288523,0.0005505426870798379,0.0001004024925730699,-0.0055772641240489145,0.0020756844341595013,0.0017283692576334415,0.0,1.0,0.022313473683734774,-0.0033496868607655436,0.0002662608855294754
afl_fantasy_points,0.8298819077647848,0.7723126825879748,0.5354393155217201,0.761518795801876,-0.006419001804817123,0.5485813671422114,0.6939795568772394,0.45157040326425596,0.36678293742684526,0.4243218161843585,0.4247380999670356,0.205309417143226,0.13213834415111586,0.17565052344235843,0.5331945822647637,0.5134879552490107,0.08160700429821026,0.4636042143744814,0.6543758773964666,0.05488273915830775,-0.0682486300149208,0.24234840961084392,0.24789228515976663,-0.03569019049502008,0.8072169678377997,0.7908708137293669,0.6662146840688458,0.5414536226587021,0.4311529270955043,0.16775010296098866,0.8056971376650499,0.5878237545212712,0.2462720932488303,0.6095673299277989,0.3364766927263265,0.15568980601823346,0.022313473683734774,1.0,0.8615298152483074,0.3606180766239045
supercoach_points,0.7400747351265746,0.6624351870774591,0.5057750491355126,0.7471177290060853,0.16328602748473584,0.6250651099999456,0.5400668612819245,0.4203098938558185,0.343274559650556,0.39995171430422977,0.32863683307880287,0.21107950466477998,0.06968921880664618,0.21415048635838432,0.5107135983295763,0.3950208347386466,0.1504227038975327,0.3845113165331956,0.5797217365080706,0.06788368361608023,0.08381906378117342,0.2624766227773485,0.2729484506069264,-0.01890244373721214,0.7484669242044272,0.7280493144280802,0.625953878299554,0.6315111003321753,0.4057512530058511,0.18642121874584353,0.7657551658671765,0.5829141600457711,0.25915749278986117,0.5656263039445423,0.3976118573055235,0.1987695084650813,-0.0033496868607655436,0.8615298152483074,1.0,0.3692820730830661
brownlow_votes,0.31081109993197364,0.2903216426644445,0.22195453712437765,0.28472539679967435,-0.018884962354503522,0.28012556137241135,0.2349460718017106,0.2353110746818797,0.22913573001319618,0.21619064419651915,0.13244482861811976,0.1784994866031146,0.0976908128692789,0.11932495149265977,0.28480206926568574,0.14398686086269816,0.054973415713818315,0.22675588743460867,0.26015897023663925,0.00784968999099434,-0.03701539220964638,0.0382464662553639,0.1359493390387767,0.04330123179952944,0.3161729585498993,0.30267465593437737,0.2933412786961786,0.28353395447660484,0.22386771472310846,0.14973482726467602,0.32208593746642855,0.260066685834655,0.1931021616798398,0.23813957786869586,0.08328233962823749,0.1745843720079518,0.0002662608855294754,0.3606180766239045,0.3692820730830661,1.0
