model,window,test_season,n_train_seasons,n_matches,correct_3_pct,correct_2_pct,correct_1_pct,exact_321_pct,all_3_identified_pct,top3_precision,top3_recall,mean_rank_corr,log_loss,brier_score,expected_vote_mae
Model0_Benchmark,expanding,2015,12,178,0.5730337078651685,0.30337078651685395,0.23595505617977527,0.10112359550561797,0.24157303370786518,0.6891385767790262,0.6891385767790262,0.4293926350827653,0.1867004083561417,0.08883633684092622,0.137392020229538
Model1_PlackettLuce,expanding,2015,12,178,0.5955056179775281,0.33707865168539325,0.20224719101123595,0.0898876404494382,0.21348314606741572,0.6835205992509363,0.6835205992509363,0.42955268105545213,0.1810370305150485,0.08770442847205595,0.13488045441466967
Model2a_GBM_utility,expanding,2015,12,178,0.5955056179775281,0.3202247191011236,0.19662921348314608,0.12359550561797752,0.2752808988764045,0.6872659176029963,0.6872659176029963,0.4258291273307122,0.27841291651072453,0.12067470375766744,0.24013069680748308
Model2b_GBM_multiclass,expanding,2015,12,178,0.550561797752809,0.25842696629213485,0.15168539325842698,0.05056179775280899,0.1797752808988764,0.6816479400749064,0.6816479400749064,0.4296087056383057,0.18639808032652555,0.08983326505489883,0.14198456458944245
Model0_Benchmark,recent8,2015,8,178,0.5786516853932584,0.3258426966292135,0.24719101123595505,0.11235955056179775,0.25842696629213485,0.6985018726591761,0.6985018726591761,0.4295378241501189,0.1847308146416424,0.08802610704795025,0.13324645287658016
Model1_PlackettLuce,recent8,2015,8,178,0.5898876404494382,0.3146067415730337,0.21348314606741572,0.10112359550561797,0.2696629213483146,0.702247191011236,0.702247191011236,0.43025665701799903,0.1786933324359425,0.0867782647220139,0.1298003160340071
Model2a_GBM_utility,recent8,2015,8,178,0.550561797752809,0.29213483146067415,0.19101123595505617,0.08426966292134831,0.2696629213483146,0.6928838951310862,0.6928838951310862,0.4261372509581704,0.2764820882983196,0.11990441315667878,0.23846474951794677
Model2b_GBM_multiclass,recent8,2015,8,178,0.5224719101123596,0.29213483146067415,0.1797752808988764,0.06741573033707865,0.21348314606741572,0.696629213483146,0.696629213483146,0.42917742848973667,0.19679456779727647,0.09016156401782152,0.13983399412828312
Model0_Benchmark,expanding,2016,13,179,0.5977653631284916,0.33519553072625696,0.20670391061452514,0.10614525139664804,0.2849162011173184,0.6871508379888268,0.6871508379888268,0.4313287712658596,0.18436336373500423,0.0879428461705331,0.13439105094099432
Model1_PlackettLuce,expanding,2016,13,179,0.5698324022346368,0.31843575418994413,0.18994413407821228,0.07262569832402235,0.22905027932960895,0.6927374301675978,0.6927374301675978,0.4321088437380166,0.1764217985009554,0.08577456523234066,0.13202161456433903
Model2a_GBM_utility,expanding,2016,13,179,0.5698324022346368,0.2905027932960894,0.17318435754189945,0.0893854748603352,0.24022346368715083,0.6852886405959031,0.6852886405959031,0.4282371017729813,0.27480590236956043,0.11923088666037185,0.23775305269018326
Model2b_GBM_multiclass,expanding,2016,13,179,0.5586592178770949,0.2569832402234637,0.1340782122905028,0.05027932960893855,0.2011173184357542,0.6797020484171322,0.6797020484171322,0.4297262644092203,0.1864440405219654,0.08953309308282703,0.13869069946437906
Model0_Benchmark,recent8,2016,8,179,0.6089385474860335,0.3240223463687151,0.18994413407821228,0.0893854748603352,0.24581005586592178,0.6927374301675978,0.6927374301675978,0.4321319581748757,0.18469683756465383,0.08683794772572999,0.12904392780472218
Model1_PlackettLuce,recent8,2016,8,179,0.5921787709497207,0.329608938547486,0.25139664804469275,0.10614525139664804,0.2681564245810056,0.7076350093109869,0.7076350093109869,0.43208052975960276,0.172382193810085,0.0844379149724488,0.1254731522390489
Model2a_GBM_utility,recent8,2016,8,179,0.5642458100558659,0.3128491620111732,0.13966480446927373,0.061452513966480445,0.22346368715083798,0.6815642458100558,0.6815642458100558,0.42739887426644785,0.27458362550805476,0.11903607764157004,0.23738562842233984
Model2b_GBM_multiclass,recent8,2016,8,179,0.5586592178770949,0.3128491620111732,0.19553072625698323,0.0893854748603352,0.21787709497206703,0.6797020484171322,0.6797020484171322,0.43196068010105193,0.19109418875240858,0.08954155697411048,0.13540956878603894
Model0_Benchmark,expanding,2017,14,181,0.5966850828729282,0.32044198895027626,0.22099447513812154,0.10497237569060773,0.26519337016574585,0.6832412523020259,0.6832412523020259,0.4278792942374288,0.18912309720387208,0.08853005914624802,0.13485568034994264
Model1_PlackettLuce,expanding,2017,14,181,0.6574585635359116,0.3756906077348066,0.16574585635359115,0.10497237569060773,0.23204419889502761,0.6850828729281768,0.6850828729281768,0.42795576211345165,0.1776453851460927,0.08596566960636491,0.13264620467711924
Model2a_GBM_utility,expanding,2017,14,181,0.5911602209944752,0.3314917127071823,0.2265193370165746,0.11602209944751381,0.23204419889502761,0.6777163904235727,0.6777163904235727,0.42333192664077635,0.2749937903759526,0.11899190308776939,0.23560525909878532
Model2b_GBM_multiclass,expanding,2017,14,181,0.5027624309392266,0.292817679558011,0.24861878453038674,0.09392265193370165,0.23204419889502761,0.6685082872928176,0.6685082872928176,0.4255614348580601,0.19275853193902356,0.09189950737949724,0.1397510244547087
Model0_Benchmark,recent8,2017,8,181,0.6187845303867403,0.3149171270718232,0.23204419889502761,0.09392265193370165,0.2596685082872928,0.6850828729281768,0.6850828729281768,0.4283239087910391,0.18827929580110148,0.08707671577331445,0.12623043247389967
Model1_PlackettLuce,recent8,2017,8,181,0.6408839779005525,0.3370165745856354,0.1712707182320442,0.08287292817679558,0.2430939226519337,0.6924493554327809,0.6924493554327809,0.42930885294329163,0.17228938237605376,0.0839184727394484,0.1231746511685868
Model2a_GBM_utility,recent8,2017,8,181,0.585635359116022,0.32044198895027626,0.19889502762430938,0.10497237569060773,0.19889502762430938,0.6629834254143646,0.6629834254143646,0.42257511977101997,0.27370624439021146,0.11827824959894974,0.2338093159488609
Model2b_GBM_multiclass,recent8,2017,8,181,0.5580110497237569,0.34806629834254144,0.20441988950276244,0.0718232044198895,0.1878453038674033,0.6832412523020258,0.6832412523020258,0.42602063091593234,0.19070790623743172,0.09101045596235911,0.13498808310277938
Model0_Benchmark,expanding,2018,15,184,0.5543478260869565,0.2826086956521739,0.22826086956521738,0.09239130434782608,0.27717391304347827,0.6829710144927535,0.6829710144927535,0.4286617415241484,0.1944804774307225,0.09405395502282118,0.14354494583565472
Model1_PlackettLuce,expanding,2018,15,184,0.5163043478260869,0.28804347826086957,0.22282608695652173,0.11413043478260869,0.2826086956521739,0.6865942028985507,0.6865942028985507,0.42900082496135483,0.19419671334223107,0.09402120021556643,0.14177112257589755
Model2a_GBM_utility,expanding,2018,15,184,0.5,0.21739130434782608,0.1956521739130435,0.08152173913043478,0.22826086956521738,0.6739130434782609,0.6739130434782609,0.42754397817258016,0.28207324948333473,0.12276906850853138,0.24139030821795168
Model2b_GBM_multiclass,expanding,2018,15,184,0.5271739130434783,0.21739130434782608,0.18478260869565216,0.07065217391304347,0.22826086956521738,0.6739130434782609,0.6739130434782609,0.4304834016489307,0.19767464039587615,0.09390461771218955,0.14477035042785202
Model0_Benchmark,recent8,2018,8,184,0.5380434782608695,0.2554347826086957,0.21739130434782608,0.07065217391304347,0.2608695652173913,0.693840579710145,0.693840579710145,0.43011674595307886,0.204860100401347,0.09276868120034062,0.13434235507928385
Model1_PlackettLuce,recent8,2018,8,184,0.5434782608695652,0.31521739130434784,0.24456521739130435,0.13043478260869565,0.31521739130434784,0.6992753623188407,0.6992753623188407,0.4307413617915046,0.19097405976520437,0.09222048822719396,0.13107662244793172
Model2a_GBM_utility,recent8,2018,8,184,0.5217391304347826,0.2554347826086957,0.18478260869565216,0.08152173913043478,0.20108695652173914,0.6521739130434783,0.6521739130434783,0.4266138765080741,0.2778410678235319,0.12079111436488264,0.23643758734037731
Model2b_GBM_multiclass,recent8,2018,8,184,0.5217391304347826,0.21195652173913043,0.21739130434782608,0.08695652173913043,0.22282608695652173,0.6793478260869565,0.6793478260869565,0.4302621671794926,0.20141821766859916,0.09425503994596107,0.1384640497386523
Model0_Benchmark,expanding,2019,16,184,0.5978260869565217,0.3532608695652174,0.22282608695652173,0.059782608695652176,0.22282608695652173,0.6865942028985507,0.6865942028985507,0.42764569972301375,0.18016531952873654,0.0868421706636119,0.1321757339606684
Model1_PlackettLuce,expanding,2019,16,184,0.6304347826086957,0.375,0.17391304347826086,0.08152173913043478,0.20108695652173914,0.6847826086956522,0.6847826086956522,0.4281878254614487,0.1737814039660264,0.08412542936199835,0.1281858398376969
Model2a_GBM_utility,expanding,2019,16,184,0.592391304347826,0.32065217391304346,0.17391304347826086,0.06521739130434782,0.2391304347826087,0.6902173913043478,0.6902173913043478,0.4263231113471879,0.2709985987046181,0.11791770502724862,0.23385467020117098
Model2b_GBM_multiclass,expanding,2019,16,184,0.5652173913043478,0.3641304347826087,0.18478260869565216,0.06521739130434782,0.20652173913043478,0.6974637681159421,0.6974637681159421,0.427498122517478,0.18183584315879645,0.08777862201165197,0.1362163599142938
Model0_Benchmark,recent8,2019,8,184,0.5869565217391305,0.3641304347826087,0.18478260869565216,0.08152173913043478,0.2391304347826087,0.6920289855072465,0.6920289855072465,0.43009801683716076,0.17728546204726148,0.08523145015197756,0.12239793638356797
Model1_PlackettLuce,recent8,2019,8,184,0.6358695652173914,0.3967391304347826,0.18478260869565216,0.10326086956521739,0.23369565217391305,0.6992753623188406,0.6992753623188406,0.43065908496452715,0.1682626667162838,0.08258183921217892,0.11826928517722878
Model2a_GBM_utility,recent8,2019,8,184,0.5652173913043478,0.28804347826086957,0.20108695652173914,0.05434782608695652,0.22282608695652173,0.6865942028985507,0.6865942028985507,0.4257948167802128,0.2666242308190029,0.11583699470670636,0.22875317062216702
Model2b_GBM_multiclass,recent8,2019,8,184,0.5434782608695652,0.33695652173913043,0.16304347826086957,0.08152173913043478,0.20652173913043478,0.7010869565217391,0.7010869565217391,0.4293877327232303,0.1768943015606805,0.08611959735626036,0.1271663906259011
Model0_Benchmark,expanding,2020,17,125,0.568,0.344,0.152,0.072,0.224,0.6426666666666666,0.6426666666666666,0.4146305343833016,0.23007516729570576,0.09672868246098972,0.15030682933487793
Model1_PlackettLuce,expanding,2020,17,125,0.528,0.304,0.16,0.072,0.216,0.6533333333333333,0.6533333333333333,0.415502514072756,0.2017608026977047,0.0954280508545356,0.15362813413389537
Model2a_GBM_utility,expanding,2020,17,125,0.52,0.272,0.152,0.088,0.216,0.6373333333333335,0.6373333333333335,0.40595361480880965,0.29149867887386854,0.12509322172322826,0.2512743651717419
Model2b_GBM_multiclass,expanding,2020,17,125,0.552,0.28,0.152,0.08,0.216,0.6480000000000001,0.6480000000000001,0.4161080641975072,0.22319142412416582,0.09751643826500041,0.15020342067808473
Model0_Benchmark,recent8,2020,8,125,0.528,0.32,0.136,0.072,0.2,0.6426666666666666,0.6426666666666666,0.41391933177599344,0.22698815530477354,0.09729565857226946,0.14728416661412563
Model1_PlackettLuce,recent8,2020,8,125,0.52,0.336,0.184,0.072,0.208,0.6533333333333333,0.6533333333333333,0.4150745718426852,0.20164802731211243,0.09520093371634583,0.14233448888216407
Model2a_GBM_utility,recent8,2020,8,125,0.504,0.288,0.152,0.096,0.208,0.6373333333333334,0.6373333333333334,0.4053012436390331,0.28595627448841704,0.12262393121174067,0.24527969443990472
Model2b_GBM_multiclass,recent8,2020,8,125,0.52,0.264,0.136,0.064,0.168,0.64,0.64,0.4129645445513219,0.2467483895262567,0.09909580861264816,0.14378418309431976
Model0_Benchmark,expanding,2021,18,180,0.6555555555555556,0.36666666666666664,0.25555555555555554,0.12777777777777777,0.24444444444444444,0.7222222222222222,0.7222222222222222,0.42575035533247085,0.17996340739760916,0.08676151687389846,0.13572971018565302
Model1_PlackettLuce,expanding,2021,18,180,0.6444444444444445,0.37777777777777777,0.29444444444444445,0.13333333333333333,0.2722222222222222,0.7129629629629629,0.7129629629629629,0.4257391032110228,0.17633453890957299,0.08450603598547995,0.12838576870290283
Model2a_GBM_utility,expanding,2021,18,180,0.6777777777777778,0.39444444444444443,0.22777777777777777,0.1,0.24444444444444444,0.6888888888888889,0.6888888888888889,0.42385415011313465,0.27159527147354073,0.11776007906348265,0.23431095254310513
Model2b_GBM_multiclass,expanding,2021,18,180,0.6333333333333333,0.32222222222222224,0.25555555555555554,0.12777777777777777,0.25,0.7037037037037036,0.7037037037037036,0.4260358644234472,0.18337794521989464,0.0880022418699218,0.13583256565942017
Model0_Benchmark,recent8,2021,8,180,0.6722222222222223,0.4,0.2722222222222222,0.16111111111111112,0.2611111111111111,0.7203703703703704,0.7203703703703704,0.4256652146764702,0.1760796742598136,0.08552579261588382,0.12695461174310418
Model1_PlackettLuce,recent8,2021,8,180,0.65,0.4,0.2722222222222222,0.1388888888888889,0.2777777777777778,0.7166666666666667,0.7166666666666667,0.42527696358764644,0.1724799923516308,0.08240679933485628,0.11744146300822768
Model2a_GBM_utility,recent8,2021,8,180,0.6666666666666666,0.37777777777777777,0.25555555555555554,0.12222222222222222,0.26666666666666666,0.7,0.7,0.42320834546209607,0.2686577202370814,0.11631934068620617,0.23092166206174253
Model2b_GBM_multiclass,recent8,2021,8,180,0.6222222222222222,0.28888888888888886,0.18333333333333332,0.07222222222222222,0.19444444444444445,0.6981481481481481,0.6981481481481481,0.4241848119933503,0.19066113153560096,0.08841827048653043,0.1282492260844755
Model0_Benchmark,expanding,2022,19,183,0.5792349726775956,0.30601092896174864,0.24043715846994534,0.10382513661202186,0.26229508196721313,0.6939890710382514,0.6939890710382514,0.42676734764747115,0.1811588383827017,0.0855135553722614,0.12942281252435114
Model1_PlackettLuce,expanding,2022,19,183,0.6010928961748634,0.3114754098360656,0.20765027322404372,0.08196721311475409,0.21311475409836064,0.6848816029143898,0.6848816029143898,0.42643711859207184,0.17192847359802085,0.0845361162731276,0.12952187984122934
Model2a_GBM_utility,expanding,2022,19,183,0.5901639344262295,0.3333333333333333,0.21311475409836064,0.07650273224043716,0.25136612021857924,0.6903460837887068,0.6903460837887068,0.42468600963598696,0.2710486847756484,0.11727263586560217,0.23251534675785474
Model2b_GBM_multiclass,expanding,2022,19,183,0.5846994535519126,0.33879781420765026,0.2185792349726776,0.07103825136612021,0.1912568306010929,0.697632058287796,0.697632058287796,0.42625552382407805,0.18215780873362108,0.08594011080307966,0.13253610761644496
Model0_Benchmark,recent8,2022,8,183,0.5628415300546448,0.32786885245901637,0.2185792349726776,0.1092896174863388,0.273224043715847,0.7067395264116576,0.7067395264116576,0.429845609911226,0.17941422697373843,0.0828633870244961,0.12003774857425269
Model1_PlackettLuce,recent8,2022,8,183,0.6338797814207651,0.3224043715846995,0.2459016393442623,0.1092896174863388,0.26229508196721313,0.7012750455373405,0.7012750455373405,0.4294838445643656,0.16170999893887314,0.08085091510352502,0.11514882295238238
Model2a_GBM_utility,recent8,2022,8,183,0.5901639344262295,0.3333333333333333,0.25136612021857924,0.13114754098360656,0.2677595628415301,0.703096539162113,0.703096539162113,0.42511592003834026,0.266327944882787,0.11531769289535478,0.22814707975269735
Model2b_GBM_multiclass,recent8,2022,8,183,0.5519125683060109,0.23497267759562843,0.22404371584699453,0.0546448087431694,0.23497267759562843,0.6958105646630237,0.6958105646630237,0.42757145632675747,0.17657391694620794,0.0855073613415346,0.12372998948941183
Model0_Benchmark,expanding,2023,20,181,0.5082872928176796,0.26519337016574585,0.14917127071823205,0.04419889502762431,0.20994475138121546,0.6077348066298343,0.6077348066298343,0.40176370562085045,0.20852396758802186,0.09372830044422265,0.14508030669760283
Model1_PlackettLuce,expanding,2023,20,181,0.4861878453038674,0.20441988950276244,0.13812154696132597,0.04419889502762431,0.17679558011049723,0.5985267034990792,0.5985267034990792,0.40124297686936744,0.19736735621594442,0.09330003120016499,0.14172967682375257
Model2a_GBM_utility,expanding,2023,20,181,0.5248618784530387,0.24861878453038674,0.18232044198895028,0.06629834254143646,0.2154696132596685,0.6224677716390424,0.6224677716390424,0.39331793642147145,0.2653348161353794,0.11303917134397602,0.22590656540205226
Model2b_GBM_multiclass,expanding,2023,20,181,0.47513812154696133,0.2541436464088398,0.16022099447513813,0.055248618784530384,0.15469613259668508,0.6335174953959486,0.6335174953959486,0.40298703411883474,0.21422248558858914,0.09350661503556232,0.14402082640798144
Model0_Benchmark,recent8,2023,8,181,0.4861878453038674,0.2541436464088398,0.16574585635359115,0.049723756906077346,0.17679558011049723,0.6114180478821363,0.6114180478821363,0.4010372541527632,0.22845540746389006,0.09417502146596422,0.14018063882878135
Model1_PlackettLuce,recent8,2023,8,181,0.4696132596685083,0.20994475138121546,0.16574585635359115,0.055248618784530384,0.19337016574585636,0.6206261510128914,0.6206261510128914,0.40176546424377596,0.2033767671455932,0.09442461856610561,0.13312279562979987
Model2a_GBM_utility,recent8,2023,8,181,0.5303867403314917,0.23204419889502761,0.14917127071823205,0.055248618784530384,0.20994475138121546,0.6243093922651933,0.6243093922651933,0.38959592728557446,0.2626294106856084,0.11188400251845369,0.22303009500513296
Model2b_GBM_multiclass,recent8,2023,8,181,0.4861878453038674,0.22099447513812154,0.13812154696132597,0.055248618784530384,0.16022099447513813,0.6335174953959485,0.6335174953959485,0.4011878446515156,0.2176269860573934,0.09460642986941081,0.13977877686699958
Model0_Benchmark,expanding,2024,21,190,0.5157894736842106,0.3263157894736842,0.19473684210526315,0.1,0.20526315789473684,0.6333333333333333,0.6333333333333333,0.40490943061437473,0.20643545118845744,0.09274548552899492,0.1426835906412055
Model1_PlackettLuce,expanding,2024,21,190,0.48947368421052634,0.2894736842105263,0.20526315789473684,0.06315789473684211,0.21052631578947367,0.6333333333333333,0.6333333333333333,0.4049469683890554,0.19325568659973236,0.09196714733208733,0.13966403317760612
Model2a_GBM_utility,expanding,2024,21,190,0.5263157894736842,0.2894736842105263,0.18421052631578946,0.07368421052631578,0.25263157894736843,0.6596491228070175,0.6596491228070175,0.4066461578904602,0.2671832705264459,0.11481203217409243,0.22774921934163941
Model2b_GBM_multiclass,expanding,2024,21,190,0.5157894736842106,0.23157894736842105,0.1631578947368421,0.05789473684210526,0.18947368421052632,0.6491228070175439,0.6491228070175439,0.4065077014876875,0.21295733926333152,0.09295392468218207,0.14100544522497854
Model0_Benchmark,recent8,2024,8,190,0.5157894736842106,0.2894736842105263,0.1736842105263158,0.07368421052631578,0.17894736842105263,0.6263157894736842,0.6263157894736842,0.4046486192535594,0.2126721060573065,0.09310472930960975,0.13990874588164523
Model1_PlackettLuce,recent8,2024,8,190,0.49473684210526314,0.28421052631578947,0.18947368421052632,0.05789473684210526,0.2,0.619298245614035,0.619298245614035,0.4048481131386855,0.19753710594233315,0.093034793436494,0.1334750661098774
Model2a_GBM_utility,recent8,2024,8,190,0.5210526315789473,0.2578947368421053,0.1368421052631579,0.06842105263157895,0.18947368421052632,0.631578947368421,0.631578947368421,0.40258154928737505,0.26405565806053216,0.11334844482851512,0.22406299612147476
Model2b_GBM_multiclass,recent8,2024,8,190,0.49473684210526314,0.20526315789473684,0.15263157894736842,0.04736842105263158,0.15789473684210525,0.6263157894736842,0.6263157894736842,0.40733133724062837,0.21503284000820866,0.09391500223559236,0.1378338014871917
Model0_Benchmark,expanding,2025,22,193,0.5440414507772021,0.2538860103626943,0.14507772020725387,0.046632124352331605,0.12953367875647667,0.6355785837651122,0.6355785837651122,0.409591616532014,0.20545949599037952,0.09451023826635474,0.14230195139477356
Model1_PlackettLuce,expanding,2025,22,193,0.5440414507772021,0.22797927461139897,0.16062176165803108,0.03626943005181347,0.15544041450777202,0.6303972366148531,0.6303972366148531,0.40906915880392014,0.19549738115261556,0.09396267292916553,0.13993497358549417
Model2a_GBM_utility,expanding,2025,22,193,0.5647668393782384,0.29533678756476683,0.20725388601036268,0.08290155440414508,0.18134715025906736,0.6476683937823834,0.6476683937823834,0.40453603788142684,0.2738044754875016,0.11783244639371564,0.23253685917852396
Model2b_GBM_multiclass,expanding,2025,22,193,0.538860103626943,0.27461139896373055,0.16580310880829016,0.06735751295336788,0.14507772020725387,0.6424870466321243,0.6424870466321243,0.41141594923714964,0.2072517903730277,0.09373112598087842,0.1425125672209169
Model0_Benchmark,recent8,2025,8,193,0.5647668393782384,0.29533678756476683,0.12953367875647667,0.05181347150259067,0.13471502590673576,0.6269430051813472,0.6269430051813472,0.40882086349840985,0.2176859510263105,0.09484166593679184,0.13955737992755565
Model1_PlackettLuce,recent8,2025,8,193,0.5544041450777202,0.25906735751295334,0.12435233160621761,0.046632124352331605,0.15025906735751296,0.6303972366148533,0.6303972366148533,0.40914752164242885,0.19818105899663105,0.09455928594743462,0.13367928818672536
Model2a_GBM_utility,recent8,2025,8,193,0.533678756476684,0.29533678756476683,0.19689119170984457,0.07772020725388601,0.20725388601036268,0.6563039723661487,0.6563039723661487,0.4078177504672658,0.2716236134621383,0.11686424175419598,0.23017222354867745
Model2b_GBM_multiclass,recent8,2025,8,193,0.5181347150259067,0.21243523316062177,0.15544041450777202,0.046632124352331605,0.15544041450777202,0.6355785837651122,0.6355785837651122,0.4114864767157973,0.2119252135464705,0.09513532221111337,0.14048890367130798
