player_id,n_matches,mean_expected,mean_actual,bias
12915,84,0.4833340902519122,0.8333333333333334,-0.34999924308142116
12956,62,0.3417975218371844,0.6774193548387096,-0.3356218330015252
12768,94,0.445895098432281,0.7553191489361702,-0.30942405050388927
981,52,0.26262832819269943,0.5576923076923077,-0.2950639794996083
1421,48,0.12850819904927932,0.3958333333333333,-0.267325134284054
1427,30,0.2392108177281543,0.5,-0.26078918227184567
12261,206,0.7180433013989188,0.9563106796116505,-0.2382673782127317
4065,131,0.3507609801648589,0.5725190839694656,-0.2217581038046067
12797,86,0.5494663221462198,0.7674418604651163,-0.2179755383188965
11632,46,0.12211431191341827,0.32608695652173914,-0.20397264460832087
12590,114,0.27675034768103496,0.4649122807017544,-0.18816193302071943
11733,82,0.08053445853825544,0.25609756097560976,-0.17556310243735432
621,40,0.12627835832541492,0.3,-0.17372164167458506
4169,132,0.27202691110491356,0.4318181818181818,-0.15979127071326826
12269,217,0.7449851338298232,0.9032258064516129,-0.15824067262178965
12017,198,0.4266076023951751,0.5757575757575758,-0.1491499733624007
12684,113,0.5662755191766539,0.7079646017699115,-0.14168908259325763
12862,81,0.6123300785216554,0.7530864197530864,-0.140756341231431
12950,72,0.3468181521938136,0.4861111111111111,-0.13929295891729748
12516,137,0.42304629217557616,0.5620437956204379,-0.13899750344486178
13140,24,0.11262126279543244,0.25,-0.13737873720456756
12707,55,0.0449202600445154,0.18181818181818182,-0.13689792177366641
12025,180,0.33574101730384154,0.4722222222222222,-0.13648120491838067
12318,147,0.2522629306824284,0.3877551020408163,-0.13549217135838793
12794,61,0.15969277398969733,0.29508196721311475,-0.13538919322341741
12777,72,0.1997850381432418,0.3333333333333333,-0.1335482951900915
12589,148,0.5509286497150822,0.6824324324324325,-0.1315037827173503
11791,96,0.43558864269725467,0.5625,-0.12691135730274533
13034,55,0.32990028060826754,0.45454545454545453,-0.12464517393718699
11751,202,0.27162946653313935,0.39603960396039606,-0.1244101374272567
4180,116,0.34267485892021604,0.46551724137931033,-0.12284238245909429
12969,53,0.33065980893137037,0.4528301886792453,-0.12217037974787492
4182,206,0.3815556077329624,0.5,-0.11844439226703762
12595,141,0.37746375202077015,0.48936170212765956,-0.11189795010688941
12592,134,0.06157869199345376,0.17164179104477612,-0.11006309905132236
11713,195,0.21842721756421807,0.3282051282051282,-0.10977791064091014
12430,182,0.5619951312988678,0.6703296703296703,-0.10833453903080248
12698,112,0.6344669964430524,0.7410714285714286,-0.10660443212837623
12943,75,1.2801406246784865,1.3866666666666667,-0.10652604198818016
12147,182,0.31168005378956887,0.4175824175824176,-0.10590236379284873
12779,99,0.21057783695997564,0.31313131313131315,-0.1025534761713375
12923,53,0.08678977613768117,0.18867924528301888,-0.10188946914533771
12083,146,0.11772776781841078,0.2191780821917808,-0.10145031437337003
3940,29,0.04002693847546328,0.13793103448275862,-0.09790409600729534
11715,86,0.0765218914422025,0.1744186046511628,-0.09789671320896029
12697,122,0.4199082850897726,0.5163934426229508,-0.09648515753317821
12728,103,0.08380611027331782,0.17475728155339806,-0.09095117128008025
12494,130,0.07850778669743791,0.16923076923076924,-0.09072298253333133
1418,53,0.2869450348485531,0.37735849056603776,-0.09041345571748466
4145,51,0.12530186171100424,0.21568627450980393,-0.09038441279879969
12087,151,0.3338781883722037,0.423841059602649,-0.08996287123044533
13111,28,0.054163719423746155,0.14285714285714285,-0.0886934234333967
12333,104,0.17112116318054846,0.25961538461538464,-0.08849422143483618
11850,24,0.07993982315923943,0.16666666666666666,-0.08672684350742722
11783,87,0.5471769953847551,0.632183908045977,-0.08500691266122196
12407,115,0.05590762779160268,0.1391304347826087,-0.08322280699100601
13057,43,0.08118851448772689,0.16279069767441862,-0.08160218318669173
4088,152,0.36094632641654867,0.4407894736842105,-0.07984314726766184
11589,46,0.029025874167409614,0.10869565217391304,-0.07966977800650343
468,37,0.056646134215123836,0.13513513513513514,-0.0784890009200113
12076,214,0.3484393977046445,0.4252336448598131,-0.07679424715516858
12593,21,0.0186195628809968,0.09523809523809523,-0.07661853235709844
12955,49,0.06740060247896532,0.14285714285714285,-0.07545654037817753
12241,217,0.653179308290111,0.728110599078341,-0.07493129078823002
12566,120,0.2003085529018839,0.275,-0.07469144709811612
12505,156,0.2011453694760652,0.27564102564102566,-0.07449565616496046
12326,187,0.380598049489847,0.45454545454545453,-0.07394740505560754
4060,130,0.1578302923549936,0.23076923076923078,-0.07293893841423718
806,54,0.11419327824276114,0.18518518518518517,-0.07099190694242404
11788,104,0.02617251188628355,0.09615384615384616,-0.06998133426756262
1119,26,0.04611593220117027,0.11538461538461539,-0.06926868318344512
1456,114,0.10662461011000894,0.17543859649122806,-0.06881398638121912
12357,163,0.14657204588107772,0.2147239263803681,-0.06815188049929038
12557,127,0.042361590146647574,0.11023622047244094,-0.06787463032579337
12594,140,0.1261399539227165,0.19285714285714287,-0.06671718893442635
11763,173,0.17608368952730694,0.24277456647398843,-0.0666908769466815
4073,38,0.040793132943720216,0.10526315789473684,-0.06447002495101661
12773,66,0.11783403635181729,0.18181818181818182,-0.06398414546636454
11845,181,0.22940368439422218,0.292817679558011,-0.06341399516378884
12412,162,0.128114306044877,0.19135802469135801,-0.06324371864648101
12552,87,0.07481019877467446,0.13793103448275862,-0.06312083570808416
12115,39,0.09074087303534342,0.15384615384615385,-0.06310528081081043
12340,199,0.053229468707032476,0.11557788944723618,-0.062348420740203706
12700,106,0.07942461595145052,0.14150943396226415,-0.06208481801081363
12892,62,0.19792919293402667,0.25806451612903225,-0.060135323195005586
11866,128,0.018863068597428728,0.078125,-0.05926193140257127
12704,107,0.08144055263572388,0.14018691588785046,-0.05874636325212658
12655,88,0.04410141204007047,0.10227272727272728,-0.05817131523265681
11643,102,0.06011923816885588,0.11764705882352941,-0.05752782065467353
12849,60,0.04261174394685811,0.1,-0.05738825605314189
12871,49,0.06509990161956357,0.12244897959183673,-0.05734907797227316
12122,162,0.06657071435119788,0.12345679012345678,-0.056886075772258904
12352,117,0.012006700589479904,0.06837606837606838,-0.05636936778658848
12838,42,0.03894221838725393,0.09523809523809523,-0.0562958768508413
12454,166,0.07044342572333848,0.12650602409638553,-0.05606259837304706
12535,133,0.2981121170271651,0.3533834586466165,-0.05527134161945141
11794,170,0.8389216612265004,0.8941176470588236,-0.05519598583232321
12945,70,0.38938128462430344,0.44285714285714284,-0.0534758582328394
12368,179,0.4345900255257671,0.4860335195530726,-0.051443494027305525
13016,28,0.056538173709227646,0.10714285714285714,-0.05060468343362949
12616,28,0.021027842774938042,0.07142857142857142,-0.05040072865363338
12282,167,0.09450513318231256,0.1437125748502994,-0.04920744166798684
12277,187,0.08488024193376259,0.13368983957219252,-0.04880959763842993
12041,106,0.187220586848127,0.2358490566037736,-0.04862846975564658
12504,145,0.4620435220025962,0.5103448275862069,-0.04830130558361073
12199,156,0.22110698121882594,0.2692307692307692,-0.04812378801194328
11966,199,0.6714398890759288,0.7185929648241206,-0.04715307574819183
12302,95,0.05856679756451458,0.10526315789473684,-0.04669636033022226
12384,28,0.024977221121967635,0.07142857142857142,-0.046451350306603786
1141,53,0.06686040923161497,0.11320754716981132,-0.04634713793819635
12413,146,0.2416588227977698,0.2876712328767123,-0.04601241007894252
12692,100,0.47473342706415655,0.52,-0.04526657293584346
11639,102,0.19112737324437595,0.23529411764705882,-0.04416674440268287
12255,183,0.469554119661162,0.5136612021857924,-0.04410708252463036
12433,147,0.05124059109026233,0.09523809523809523,-0.043997504147832905
11729,106,0.2391483834952519,0.2830188679245283,-0.04387048442927641
12560,87,0.025125514278935068,0.06896551724137931,-0.04384000296244424
12851,67,0.031097897797835058,0.07462686567164178,-0.04352896787380672
12639,126,0.07558435342034815,0.11904761904761904,-0.04346326562727089
12029,111,0.11029197664728503,0.15315315315315314,-0.04286117650586811
11903,31,0.08649675717680891,0.12903225806451613,-0.04253550088770722
1460,20,0.8076535237583136,0.85,-0.042346476241686415
12769,38,0.010817703664305414,0.05263157894736842,-0.041813875283063004
12476,40,0.03412518616555926,0.075,-0.040874813834440735
11583,208,0.3973087935324331,0.4375,-0.04019120646756691
12637,51,0.01865972220151696,0.058823529411764705,-0.040163807210247746
12096,56,0.1563472740593643,0.19642857142857142,-0.040081297369207125
12685,35,0.07498873225830151,0.11428571428571428,-0.039296982027412775
1126,121,0.08519330177346111,0.12396694214876033,-0.03877364037529922
13112,20,0.011504394583589666,0.05,-0.03849560541641034
12068,64,0.07137525937568966,0.109375,-0.037999740624310344
4176,53,0.17018167528669959,0.20754716981132076,-0.03736549452462118
11927,99,0.15479752938234345,0.1919191919191919,-0.037121662536848454
12786,108,0.7411777141780613,0.7777777777777778,-0.03660006359971646
12075,62,0.012311373327687235,0.04838709677419355,-0.03607572344650631
12925,77,0.09401329383631571,0.12987012987012986,-0.03585683603381415
12831,46,0.029738040132293676,0.06521739130434782,-0.03547935117205415
3939,27,0.18700802039321274,0.2222222222222222,-0.03521420182900947
13031,34,0.05305493821384528,0.08823529411764706,-0.03518035590380179
11765,74,0.04663264530641884,0.08108108108108109,-0.034448435774662244
11953,207,0.5695819776695145,0.6038647342995169,-0.034282756630002464
12324,66,0.026762064912247138,0.06060606060606061,-0.03384399569381347
11839,60,0.08284412993906635,0.11666666666666667,-0.033822536727600314
12091,182,0.04349109782530815,0.07692307692307693,-0.03343197909776878
12289,144,0.17517483120981464,0.20833333333333334,-0.0331585021235187
11792,139,0.4561186890169461,0.4892086330935252,-0.033089944076579114
11591,33,0.028420581731431756,0.06060606060606061,-0.03218547887462885
12653,81,0.029601071274276258,0.06172839506172839,-0.03212732378745213
12145,29,0.002513312033390993,0.034482758620689655,-0.03196944658729866
12009,170,0.1268796106317952,0.1588235294117647,-0.031943918779969493
4162,159,0.06873542568672146,0.10062893081761007,-0.03189350513088861
12141,144,0.23913881562163342,0.2708333333333333,-0.0316945177116999
4080,48,0.15698230422801193,0.1875,-0.030517695771988068
11654,48,0.0320879879419011,0.0625,-0.030412012058098903
3983,39,0.04678789749257251,0.07692307692307693,-0.030135179430504415
11880,92,0.08979067350974992,0.11956521739130435,-0.029774543881554427
12300,177,0.07250479889805014,0.1016949152542373,-0.02919011635618715
11905,206,0.12161585351333772,0.15048543689320387,-0.028869583379866157
12686,96,0.07542877775779736,0.10416666666666667,-0.028737888908869316
12372,164,0.05677446570444391,0.08536585365853659,-0.028591387954092683
12060,205,0.10318139547647909,0.13170731707317074,-0.02852592159669165
11708,91,0.18075619671055496,0.2087912087912088,-0.028035012080653843
12354,150,0.15202350148665938,0.18,-0.02797649851334061
12236,137,0.04513323337600549,0.072992700729927,-0.02785946735392151
11677,181,0.34238005569759683,0.3701657458563536,-0.02778569015875676
4047,60,0.07283175156945042,0.1,-0.027168248430549588
12752,59,0.05766614728083328,0.0847457627118644,-0.027079615431031122
12428,106,0.03920734531064252,0.0660377358490566,-0.02683039053841408
12490,126,0.028847257953581132,0.05555555555555555,-0.02670829760197442
12910,47,0.01591727188738566,0.0425531914893617,-0.02663591960197604
3969,21,0.021662129374531304,0.047619047619047616,-0.025956918244516312
12771,103,0.158613309910266,0.18446601941747573,-0.02585270950720972
12434,139,0.21917794068406524,0.2446043165467626,-0.02542637586269736
11938,117,0.060302790174731204,0.08547008547008547,-0.025167295295354268
12798,90,0.26378018482459387,0.28888888888888886,-0.025108704064294995
12175,134,0.09446465237331338,0.11940298507462686,-0.024938332701313487
1135,57,0.7650921057883022,0.7894736842105263,-0.024381578422224104
12542,156,0.14881622513243095,0.17307692307692307,-0.02426069794449212
11724,167,0.21550520669379244,0.23952095808383234,-0.02401575139003989
12563,118,0.11199271650744884,0.13559322033898305,-0.02360050383153421
12790,28,0.012270004120028136,0.03571428571428571,-0.023444281594257578
12099,73,0.04529995787257155,0.0684931506849315,-0.02319319281235995
13103,24,0.0603427904302549,0.08333333333333333,-0.022990542903078427
12598,144,0.08844095950595193,0.1111111111111111,-0.022670151605159172
13078,32,0.04003153035907494,0.0625,-0.02246846964092506
11834,140,0.7705837934145443,0.7928571428571428,-0.02227334944259851
12998,49,0.14101311869042424,0.16326530612244897,-0.022252187432024728
12942,25,0.017959381529847253,0.04,-0.022040618470152748
544,36,0.06164758068539137,0.08333333333333333,-0.02168575264794196
12844,44,0.06934662205229214,0.09090909090909091,-0.021562468856798772
12332,152,0.2942781645143475,0.3157894736842105,-0.02151130916986299
13064,28,0.050244280540245705,0.07142857142857142,-0.02118429088832572
12609,125,0.08344889129299853,0.104,-0.02055110870700147
12273,160,0.0737176550712374,0.09375,-0.020032344928762602
12521,113,0.02443078533365843,0.04424778761061947,-0.019817002276961038
12772,63,0.01200693069292837,0.031746031746031744,-0.019739101053103374
12834,68,0.03941104708826709,0.058823529411764705,-0.019412482323497612
11704,67,0.10010658113088612,0.11940298507462686,-0.019296403943740742
11767,34,0.09853124704998914,0.11764705882352941,-0.01911581177354027
12325,187,0.23765740829521514,0.25668449197860965,-0.019027083683394508
12322,140,0.21672983911288185,0.2357142857142857,-0.01898444660140386
11871,75,0.02138767479935754,0.04,-0.01861232520064246
12661,127,0.09952234638144629,0.11811023622047244,-0.01858788983902615
11940,179,0.07089021440530575,0.0893854748603352,-0.018495260455029444
13044,23,0.025266746195590505,0.043478260869565216,-0.01821151467397471
12065,128,0.1147233469479357,0.1328125,-0.018089153052064294
12957,62,0.014409443626193914,0.03225806451612903,-0.017848620889935118
12143,198,0.2854340406616049,0.30303030303030304,-0.017596262368698157
11637,85,0.04151914899276302,0.058823529411764705,-0.01730438041900168
12619,124,0.26552399275672395,0.28225806451612906,-0.01673407175940511
13054,44,0.12058969279140226,0.13636363636363635,-0.015773943572234092
12651,33,0.04486527244649425,0.06060606060606061,-0.01574078815956636
11782,63,0.06436918162776299,0.07936507936507936,-0.014995897737316369
4165,22,0.12153834975645667,0.13636363636363635,-0.014825286607179688
12321,153,0.25984591124064005,0.27450980392156865,-0.014663892680928603
12533,101,0.13391876571236844,0.1485148514851485,-0.01459608577278007
12806,102,0.03464542900307972,0.049019607843137254,-0.014374178840057532
12625,117,0.020231733347028883,0.03418803418803419,-0.013956300841005308
12610,129,0.1333312277161906,0.14728682170542637,-0.013955593989235765
11580,45,0.03053885743986135,0.044444444444444446,-0.013905587004583095
12701,97,0.03768443083951479,0.05154639175257732,-0.013861960913062528
12249,142,0.20463741308924613,0.21830985915492956,-0.013672446065683436
12247,96,0.13262310701005392,0.14583333333333334,-0.013210226323279423
12587,98,0.048306216637042404,0.061224489795918366,-0.012918273158875962
12673,38,0.013696066923684276,0.02631578947368421,-0.012619722549999933
11987,56,0.04104915651209988,0.05357142857142857,-0.012522272059328689
11728,62,0.6815550160470539,0.6935483870967742,-0.011993371049720314
12359,82,0.012429406453679563,0.024390243902439025,-0.011960837448759462
12444,129,0.01914757116307098,0.031007751937984496,-0.011860180774913517
12952,70,0.17387017963081772,0.18571428571428572,-0.011844106083468003
12402,181,0.04370250385526711,0.055248618784530384,-0.011546114929263274
12443,49,0.02937852528954846,0.04081632653061224,-0.011437801241063781
11952,37,0.09676647899071893,0.10810810810810811,-0.011341629117389188
11851,38,0.015008961261760186,0.02631578947368421,-0.011306828211924023
12416,51,0.00860504734069314,0.0196078431372549,-0.011002795796561762
11884,150,0.3558220303781214,0.36666666666666664,-0.010844636288545262
12756,64,0.020784775316007767,0.03125,-0.010465224683992233
12584,105,0.06575990612065048,0.0761904761904762,-0.010430570069825715
12205,99,0.09077050244512432,0.10101010101010101,-0.010239598564976693
12026,178,0.02971532337607462,0.03932584269662921,-0.009610519320554591
12228,43,0.06038350566197115,0.06976744186046512,-0.009383936198493967
11947,93,0.02301344518684238,0.03225806451612903,-0.009244619329286653
12366,133,0.126112387883337,0.13533834586466165,-0.00922595798132464
12877,36,0.01892396384593377,0.027777777777777776,-0.008853813931844007
11842,132,0.059372820323683295,0.06818181818181818,-0.008808997858134882
12157,64,0.006867499048682758,0.015625,-0.008757500951317242
11666,152,0.3993578303692828,0.40789473684210525,-0.008536906472822459
11602,49,0.05294827572159564,0.061224489795918366,-0.008276214074322726
12481,101,0.13082093487113902,0.13861386138613863,-0.007792926514999604
12800,58,0.061222678995732735,0.06896551724137931,-0.007742838245646574
12385,140,0.07806596744725601,0.08571428571428572,-0.007648318267029705
13070,39,0.0182536656764798,0.02564102564102564,-0.007387359964545839
12938,37,0.019642167981866698,0.02702702702702703,-0.007384859045160331
11645,77,0.14854160246603867,0.15584415584415584,-0.007302553378117166
11832,85,0.1457045219990119,0.15294117647058825,-0.0072366544715763426
12931,66,0.038231388957407256,0.045454545454545456,-0.0072231564971382
12719,27,0.030075769208738366,0.037037037037037035,-0.006961267828298669
3958,52,0.05089446116849641,0.057692307692307696,-0.006797846523811282
13033,51,0.013000570959264804,0.0196078431372549,-0.0066072721779900975
11904,175,0.48483742888534803,0.49142857142857144,-0.006591142543223405
1105,75,0.6470934735636354,0.6533333333333333,-0.006239859769697875
12262,87,0.20078446528511287,0.20689655172413793,-0.006112086439025055
12876,73,0.007713383408470802,0.0136986301369863,-0.005985246728515498
11915,82,0.030606218624209043,0.036585365853658534,-0.005979147229449491
4148,107,0.2838012308304766,0.2897196261682243,-0.005918395337747684
11825,108,0.021903788671939903,0.027777777777777776,-0.005873989105837873
11859,143,0.02909181277111285,0.03496503496503497,-0.005873222193922119
12575,89,0.08409539323940017,0.0898876404494382,-0.005792247210038029
12644,103,0.05257539643223366,0.05825242718446602,-0.005677030752232359
12967,61,0.09286882468435427,0.09836065573770492,-0.005491831053350646
12351,153,0.04687346093446941,0.05228758169934641,-0.0054141207648769965
12144,78,0.033057944345271095,0.038461538461538464,-0.005403594116267368
12689,121,0.11868627794005314,0.12396694214876033,-0.005280664208707195
11641,23,0.03849396779134993,0.043478260869565216,-0.004984293078215289
11555,107,0.03241801014075535,0.037383177570093455,-0.004965167429338106
12084,85,0.03034528566612246,0.03529411764705882,-0.004948831980936364
11576,167,0.18069350900454736,0.18562874251497005,-0.004935233510422687
12992,29,0.06404556568377663,0.06896551724137931,-0.004919951557602678
12090,118,0.04635395824517143,0.05084745762711865,-0.004493499381947215
12509,157,0.046760863706908344,0.050955414012738856,-0.004194550305830512
12167,180,0.14594766138357584,0.15,-0.00405233861642415
12473,126,0.1868473817146619,0.19047619047619047,-0.0036288087615285736
11948,158,0.2496266009648947,0.25316455696202533,-0.0035379559971306374
12047,140,0.22512327329940646,0.22857142857142856,-0.0034481552720221076
11678,25,0.03658307951239362,0.04,-0.0034169204876063827
12137,56,0.014975096002563184,0.017857142857142856,-0.002882046854579672
11865,111,0.12397849199981885,0.12612612612612611,-0.0021476341263072657
12819,57,0.01552844730417859,0.017543859649122806,-0.0020154123449442167
12767,112,0.7212510924819435,0.7232142857142857,-0.0019631932323421752
12766,74,0.09270759891229664,0.0945945945945946,-0.0018869956822979567
11656,84,0.09336622087569864,0.09523809523809523,-0.0018718743623965944
12035,83,0.10666097679126707,0.10843373493975904,-0.001772758148491968
12810,63,0.06239294024791615,0.06349206349206349,-0.0010991232441473417
11937,198,0.05446854704674067,0.05555555555555555,-0.0010870085088148795
12330,191,0.04616286548240644,0.04712041884816754,-0.0009575533657611018
12821,68,0.028556057505124327,0.029411764705882353,-0.0008557072007580255
12607,128,0.022683158206458887,0.0234375,-0.0007543417935411134
12487,104,0.02812689843770281,0.028846153846153848,-0.0007192554084510389
12119,148,0.012859775690573642,0.013513513513513514,-0.0006537378229398722
12367,168,0.05301218080461739,0.05357142857142857,-0.0005592477668111759
12403,168,0.04721894243767744,0.047619047619047616,-0.00040010518137017365
11682,131,0.10648311185065965,0.10687022900763359,-0.0003871171569739401
12600,101,0.049174005301595346,0.04950495049504951,-0.00033094519345416157
12242,96,0.021142329238751156,0.020833333333333332,0.00030899590541782346
12278,135,0.00772259445986295,0.007407407407407408,0.00031518705245554227
12864,22,0.0009365614664817358,0.0,0.0009365614664817358
12887,65,0.0932694179873987,0.09230769230769231,0.000961725679706385
12669,21,0.001323390426009016,0.0,0.001323390426009016
12397,61,0.09976639212733455,0.09836065573770492,0.0014057363896296388
1134,83,0.19420778764933358,0.1927710843373494,0.0014367033119841721
12983,56,0.019367506339885158,0.017857142857142856,0.0015103634827423017
12404,119,0.035155407077985014,0.03361344537815126,0.0015419616998337549
13037,24,0.001645394641342006,0.0,0.001645394641342006
11863,22,0.00169816425573209,0.0,0.00169816425573209
12866,77,0.06664114150328226,0.06493506493506493,0.0017060765682173351
13039,24,0.0018023680571561888,0.0,0.0018023680571561888
12518,171,0.3997015785185591,0.39766081871345027,0.002040759805108816
12781,33,0.002070365620221866,0.0,0.002070365620221866
4141,20,0.0022121770821053816,0.0,0.0022121770821053816
12291,168,0.03198827478528259,0.02976190476190476,0.0022263700233778327
12770,94,0.6937489095756953,0.6914893617021277,0.0022595478735676355
4072,27,0.002293168956402119,0.0,0.002293168956402119
12936,50,0.0023621772632984967,0.0,0.0023621772632984967
12787,30,0.0024167411455769576,0.0,0.0024167411455769576
12935,35,0.002438337829845521,0.0,0.002438337829845521
12237,183,0.05711766960337375,0.0546448087431694,0.0024728608602043525
13056,20,0.0027600656621975476,0.0,0.0027600656621975476
11879,166,0.02687009586012774,0.024096385542168676,0.002773710317959064
12911,25,0.002915870690879313,0.0,0.002915870690879313
11992,48,0.003092851142123638,0.0,0.003092851142123638
11548,184,0.29114980502874266,0.28804347826086957,0.003106326767873091
11873,50,0.06311350591727492,0.06,0.003113505917274925
12717,33,0.0031605057927951877,0.0,0.0031605057927951877
12744,82,0.015383885679649907,0.012195121951219513,0.003188763728430395
13026,57,0.05593652343565206,0.05263157894736842,0.00330494448828364
12847,21,0.0033428069646808944,0.0,0.0033428069646808944
12672,88,0.02610332467975731,0.022727272727272728,0.0033760519524845822
12865,22,0.00339128840576536,0.0,0.00339128840576536
11922,70,0.031994770775269174,0.02857142857142857,0.0034233422038406035
12320,27,0.003535768835781984,0.0,0.003535768835781984
12449,50,0.003577720447171569,0.0,0.003577720447171569
12493,21,0.003638226926353796,0.0,0.003638226926353796
12349,142,0.07413305149549604,0.07042253521126761,0.0037105162842284295
11540,51,0.06259111573003263,0.058823529411764705,0.0037675863182679292
11575,86,0.015429042848133267,0.011627906976744186,0.0038011358713890813
4144,101,0.13259043071870383,0.12871287128712872,0.0038775594315751116
12383,143,0.031864818607067434,0.027972027972027972,0.003892790635039462
12780,24,0.0039019692285271724,0.0,0.0039019692285271724
12968,34,0.033329863559731304,0.029411764705882353,0.003918098853848952
12924,36,0.00392417005455,0.0,0.00392417005455
13108,21,0.003930595261562014,0.0,0.003930595261562014
13066,27,0.004026372231233598,0.0,0.004026372231233598
12854,58,0.0041006359797580265,0.0,0.0041006359797580265
12722,61,0.0041177983232200096,0.0,0.0041177983232200096
12551,98,0.05524833625497048,0.05102040816326531,0.00422792809170517
11553,26,0.004265781376685375,0.0,0.004265781376685375
12811,41,0.004290006208752639,0.0,0.004290006208752639
11891,177,0.09479149625632806,0.0903954802259887,0.004396016030339359
11828,99,0.024632852248595058,0.020202020202020204,0.004430832046574854
12839,72,0.0044804507949845855,0.0,0.0044804507949845855
12858,43,0.0045466500168465365,0.0,0.0045466500168465365
12234,120,0.004698568103043103,0.0,0.004698568103043103
12421,129,0.2527743480311592,0.24806201550387597,0.004712332527283258
12829,71,0.004740416491353002,0.0,0.004740416491353002
12379,144,0.1228331377152079,0.11805555555555555,0.004777582159652349
12604,26,0.004783840140498906,0.0,0.004783840140498906
11893,23,0.004789443470305127,0.0,0.004789443470305127
11627,85,0.004854416548343306,0.0,0.004854416548343306
12126,34,0.004992526277443486,0.0,0.004992526277443486
12426,134,0.019931107791697933,0.014925373134328358,0.005005734657369575
4186,59,0.7846827163222188,0.7796610169491526,0.00502169937306618
12082,43,0.005023906423327556,0.0,0.005023906423327556
3950,68,0.09338072834131998,0.08823529411764706,0.005145434223672918
12850,23,0.005160655719949468,0.0,0.005160655719949468
12713,27,0.00525331966680622,0.0,0.00525331966680622
12855,43,0.005273993419703458,0.0,0.005273993419703458
13014,28,0.005356589136177777,0.0,0.005356589136177777
11802,90,0.13871406620172902,0.13333333333333333,0.005380732868395688
12879,85,0.02893825043048855,0.023529411764705882,0.005408838665782668
12033,20,0.005434800415409216,0.0,0.005434800415409216
13043,23,0.0054797052986284836,0.0,0.0054797052986284836
12740,108,0.024111967039962327,0.018518518518518517,0.005593448521443809
12187,76,0.03197060230624395,0.02631578947368421,0.0056548128325597385
12159,28,0.005661361250943486,0.0,0.005661361250943486
12775,57,0.005703545705712283,0.0,0.005703545705712283
12513,21,0.005720603677334589,0.0,0.005720603677334589
13055,25,0.005740228135118209,0.0,0.005740228135118209
12245,21,0.0057522784615651485,0.0,0.0057522784615651485
12922,29,0.005875130598438552,0.0,0.005875130598438552
11778,34,0.005962398176305886,0.0,0.005962398176305886
12761,71,0.034166424517898544,0.028169014084507043,0.005997410433391501
12588,95,0.01652513456397117,0.010526315789473684,0.005998818774497485
13096,31,0.006171915593158295,0.0,0.006171915593158295
11630,97,0.016483749825101802,0.010309278350515464,0.006174471474586338
12859,49,0.0063497890387954935,0.0,0.0063497890387954935
11941,171,0.14670092826531797,0.14035087719298245,0.006350051072335522
12239,64,0.0063506310331871135,0.0,0.0063506310331871135
11826,39,0.0063506667575857255,0.0,0.0063506667575857255
12921,25,0.00644261383732609,0.0,0.00644261383732609
12774,26,0.006501900490629407,0.0,0.006501900490629407
12627,126,0.02237758212287038,0.015873015873015872,0.006504566249854508
12900,29,0.006666458998596182,0.0,0.006666458998596182
12622,82,0.006683081751643081,0.0,0.006683081751643081
12623,72,0.00670136216674598,0.0,0.00670136216674598
12776,66,0.0067338013967182565,0.0,0.0067338013967182565
11642,103,0.045590644791055054,0.038834951456310676,0.006755693334744378
4179,34,0.006759149261487218,0.0,0.006759149261487218
12174,192,0.058848337463997084,0.052083333333333336,0.006765004130663749
12394,71,0.02089864422436926,0.014084507042253521,0.006814137182115739
12907,25,0.006843578668295026,0.0,0.006843578668295026
12599,39,0.00693129902221397,0.0,0.00693129902221397
11895,36,0.006948859275261343,0.0,0.006948859275261343
12882,55,0.00704822305490231,0.0,0.00704822305490231
11723,92,0.007074238516553919,0.0,0.007074238516553919
12914,50,0.007089834164029394,0.0,0.007089834164029394
12902,49,0.007115961342426999,0.0,0.007115961342426999
12506,99,0.11823613245023451,0.1111111111111111,0.007125021339123405
12965,25,0.007136381418907152,0.0,0.007136381418907152
12293,21,0.007147543971414384,0.0,0.007147543971414384
12883,59,0.007157377442241783,0.0,0.007157377442241783
12941,55,0.007158437504626489,0.0,0.007158437504626489
6623,109,0.007200441736201098,0.0,0.007200441736201098
11960,47,0.007254532439654821,0.0,0.007254532439654821
11991,63,0.007297653858030334,0.0,0.007297653858030334
11820,135,0.07406963550756698,0.06666666666666667,0.0074029688409003175
4173,25,0.007420232776803552,0.0,0.007420232776803552
12392,112,0.0075411454521940955,0.0,0.0075411454521940955
12446,110,0.007616027046158243,0.0,0.007616027046158243
12456,141,0.028954836139133192,0.02127659574468085,0.007678240394452342
11973,185,0.07794933792299068,0.07027027027027027,0.007679067652720403
12848,27,0.007716255814060426,0.0,0.007716255814060426
12169,29,0.00776177107770946,0.0,0.00776177107770946
12517,30,0.00781395515411602,0.0,0.00781395515411602
12424,28,0.007839064818358062,0.0,0.007839064818358062
4178,58,0.025111191182090077,0.017241379310344827,0.00786981187174525
12852,38,0.007899217221052711,0.0,0.007899217221052711
12853,45,0.007919683290660803,0.0,0.007919683290660803
12576,104,0.08487183543333834,0.07692307692307693,0.007948758510261417
12872,51,0.00797800314685741,0.0,0.00797800314685741
12182,42,0.008145013467669828,0.0,0.008145013467669828
12356,32,0.008255783538370304,0.0,0.008255783538370304
12319,30,0.008290001005568023,0.0,0.008290001005568023
12745,76,0.04783719274086341,0.039473684210526314,0.0083635085303371
12874,45,0.00838894581090454,0.0,0.00838894581090454
12545,54,0.008427918110556766,0.0,0.008427918110556766
11675,60,0.07510978543147742,0.06666666666666667,0.008443118764810756
12104,58,0.008469295821078738,0.0,0.008469295821078738
13061,35,0.008480503455857548,0.0,0.008480503455857548
12467,65,0.00862669877962942,0.0,0.00862669877962942
1401,78,0.034369398262099345,0.02564102564102564,0.008728372621073704
12903,36,0.00899929571586367,0.0,0.00899929571586367
11719,21,0.009090316962084972,0.0,0.009090316962084972
11720,32,0.009096035475083756,0.0,0.009096035475083756
12732,35,0.009183368822366351,0.0,0.009183368822366351
11605,69,0.009214605404933742,0.0,0.009214605404933742
12709,58,0.009241958842889949,0.0,0.009241958842889949
12475,55,0.009244470658527239,0.0,0.009244470658527239
13038,51,0.009489792199331238,0.0,0.009489792199331238
4143,24,0.009573097507642207,0.0,0.009573097507642207
12818,70,0.009693180667819693,0.0,0.009693180667819693
12532,77,0.009733261895862717,0.0,0.009733261895862717
11644,35,0.038350498184735106,0.02857142857142857,0.009779069613306535
12611,51,0.009793847091561097,0.0,0.009793847091561097
12491,159,0.1042003111256644,0.09433962264150944,0.009860688484154959
12304,107,0.00989133677974403,0.0,0.00989133677974403
12043,69,0.03913046427479696,0.028985507246376812,0.010144957028420148
12526,79,0.010234791752498052,0.0,0.010234791752498052
11549,82,0.010390798189897672,0.0,0.010390798189897672
13075,20,0.010397683074063718,0.0,0.010397683074063718
12991,26,0.010417559761769018,0.0,0.010417559761769018
12061,229,0.1938820727519658,0.18340611353711792,0.010475959214847896
12142,118,0.010524038123366953,0.0,0.010524038123366953
12338,40,0.03552911777300883,0.025,0.010529117773008828
11889,28,0.010538127989245383,0.0,0.010538127989245383
12895,21,0.010546832501410662,0.0,0.010546832501410662
12381,113,0.11678085605682934,0.10619469026548672,0.010586165791342611
12750,95,0.02116325723288948,0.010526315789473684,0.010636941443415796
12668,99,0.010646446284752283,0.0,0.010646446284752283
12369,45,0.010661943258981973,0.0,0.010661943258981973
12405,103,0.03979051123811914,0.02912621359223301,0.010664297645886132
11894,155,0.01721972002502829,0.0064516129032258064,0.010768107121802484
12238,101,0.02067421352528349,0.009900990099009901,0.01077322342627359
12765,20,0.010794472441364314,0.0,0.010794472441364314
12754,25,0.01086482054786157,0.0,0.01086482054786157
11653,79,0.010966092399076905,0.0,0.010966092399076905
12580,89,0.01097515859195713,0.0,0.01097515859195713
12021,72,0.011102882513735784,0.0,0.011102882513735784
12743,113,0.09075328112245926,0.07964601769911504,0.011107263423344213
12778,102,0.07975046711966151,0.06862745098039216,0.011123016139269346
13101,28,0.011125252657247455,0.0,0.011125252657247455
11596,22,0.011193923211743896,0.0,0.011193923211743896
12335,145,0.011277154919648676,0.0,0.011277154919648676
11705,71,0.011356436884116026,0.0,0.011356436884116026
12240,77,0.011361299119836644,0.0,0.011361299119836644
11568,34,0.011392457856825982,0.0,0.011392457856825982
12585,102,0.011409101209967791,0.0,0.011409101209967791
11824,96,0.011447640901321181,0.0,0.011447640901321181
12916,62,0.02758457517210904,0.016129032258064516,0.011455542914044523
12843,43,0.01147145748382697,0.0,0.01147145748382697
11725,156,0.09486457612485541,0.08333333333333333,0.011531242791522081
12582,65,0.02709537400945663,0.015384615384615385,0.011710758624841243
11636,97,0.053082505255439574,0.041237113402061855,0.01184539185337772
12180,43,0.011857127486946397,0.0,0.011857127486946397
12031,83,0.011874102762634644,0.0,0.011874102762634644
11989,109,0.030233778479543283,0.01834862385321101,0.011885154626332273
12946,47,0.011980894581005383,0.0,0.011980894581005383
12307,130,0.01205396502807828,0.0,0.01205396502807828
12106,126,0.012070710013001777,0.0,0.012070710013001777
12181,140,0.012082198327102498,0.0,0.012082198327102498
12286,47,0.012090400640872218,0.0,0.012090400640872218
12832,26,0.012103083561038255,0.0,0.012103083561038255
12990,46,0.012110663618095777,0.0,0.012110663618095777
12232,59,0.012140799086764813,0.0,0.012140799086764813
12008,45,0.012160419800271681,0.0,0.012160419800271681
4084,50,0.012248706398302223,0.0,0.012248706398302223
12757,72,0.0122717520124149,0.0,0.0122717520124149
12459,74,0.012272043453113933,0.0,0.012272043453113933
12835,32,0.01232218659834297,0.0,0.01232218659834297
12109,113,0.021215758453416764,0.008849557522123894,0.01236620093129287
13100,32,0.012421438955891354,0.0,0.012421438955891354
12718,65,0.012428629734771945,0.0,0.012428629734771945
11593,39,0.012437435918929743,0.0,0.012437435918929743
11721,37,0.012449778137752183,0.0,0.012449778137752183
12136,25,0.01251327995074119,0.0,0.01251327995074119
4110,57,0.012535366149428467,0.0,0.012535366149428467
12287,53,0.012571217217290107,0.0,0.012571217217290107
12822,55,0.012599671710643273,0.0,0.012599671710643273
12264,58,0.012602143743075707,0.0,0.012602143743075707
12312,135,0.07191091093207347,0.05925925925925926,0.012651651672814207
12929,56,0.04838286440557948,0.03571428571428571,0.012668578691293765
12927,66,0.07327622215230105,0.06060606060606061,0.012670161546240441
11822,20,0.012782181986490984,0.0,0.012782181986490984
12671,57,0.012804505095478142,0.0,0.012804505095478142
12861,52,0.051273157937553854,0.038461538461538464,0.01281161947601539
11545,27,0.01283945809692287,0.0,0.01283945809692287
11931,28,0.012849503335653725,0.0,0.012849503335653725
13028,26,0.012918973693472481,0.0,0.012918973693472481
11942,94,0.05548306010423904,0.0425531914893617,0.01292986861487734
12375,36,0.012938995942087203,0.0,0.012938995942087203
12721,69,0.012967166294005019,0.0,0.012967166294005019
12485,86,0.07126568683755775,0.05813953488372093,0.013126151953836825
11557,129,0.12168562964344319,0.10852713178294573,0.013158497860497456
3976,26,0.01324137701016995,0.0,0.01324137701016995
12125,47,0.0345385709275564,0.02127659574468085,0.013261975182875547
11821,91,0.013369509816486129,0.0,0.013369509816486129
12665,33,0.013393892153593727,0.0,0.013393892153593727
1457,39,0.01345848153809255,0.0,0.01345848153809255
4134,22,0.013458714218333768,0.0,0.013458714218333768
12441,148,0.033786057443541684,0.02027027027027027,0.013515787173271412
12612,101,0.013552925203546423,0.0,0.013552925203546423
11673,29,0.013565281162808305,0.0,0.013565281162808305
12184,61,0.029969860172615683,0.01639344262295082,0.013576417549664863
12546,102,0.043017145785300984,0.029411764705882353,0.013605381079418631
11885,96,0.055289161170141175,0.041666666666666664,0.013622494503474511
13035,43,0.013633594535165798,0.0,0.013633594535165798
12723,33,0.013867327723804656,0.0,0.013867327723804656
11542,27,0.013925445567005082,0.0,0.013925445567005082
12284,23,0.013961319977201741,0.0,0.013961319977201741
12414,133,0.02900240414397298,0.015037593984962405,0.013964810159010573
12435,33,0.014193252888061536,0.0,0.014193252888061536
12315,56,0.014215074612535013,0.0,0.014215074612535013
13041,36,0.014216694833417401,0.0,0.014216694833417401
12615,31,0.014314338883795116,0.0,0.014314338883795116
1137,52,0.3029095414924142,0.28846153846153844,0.014448003030875789
11887,31,0.014490945297446028,0.0,0.014490945297446028
291,21,0.014493323663430176,0.0,0.014493323663430176
11534,24,0.014938402602777687,0.0,0.014938402602777687
11768,91,0.20177041934648546,0.18681318681318682,0.014957232533298642
12802,61,0.014979472378581377,0.0,0.014979472378581377
11917,140,0.3078581613823639,0.29285714285714287,0.01500101852522101
12350,58,0.015030357024870888,0.0,0.015030357024870888
12519,147,0.10348027184709525,0.08843537414965986,0.015044897697435389
11955,45,0.015158134837190454,0.0,0.015158134837190454
12370,159,0.015170789034394823,0.0,0.015170789034394823
12531,116,0.023988534884939357,0.008620689655172414,0.015367845229766943
11734,23,0.015649079492786423,0.0,0.015649079492786423
12317,182,0.026639034826754445,0.01098901098901099,0.015650023837743457
12053,21,0.01572115066473941,0.0,0.01572115066473941
11829,36,0.015779952978045495,0.0,0.015779952978045495
4166,54,0.015825931593193537,0.0,0.015825931593193537
12395,87,0.0158299435861771,0.0,0.0158299435861771
12596,69,0.015920121605268817,0.0,0.015920121605268817
12267,141,0.01594782447353352,0.0,0.01594782447353352
11634,108,0.0252323968890921,0.009259259259259259,0.01597313762983284
11804,84,0.02789656534309151,0.011904761904761904,0.015991803438329608
11711,73,0.05713292792124078,0.0410958904109589,0.016037037510281876
11809,46,0.23345145382352248,0.21739130434782608,0.016060149475696395
12796,63,0.016185244482555046,0.0,0.016185244482555046
11912,72,0.016276465726092416,0.0,0.016276465726092416
12188,147,0.01647650074984903,0.0,0.01647650074984903
12419,33,0.016509768594634835,0.0,0.016509768594634835
12705,29,0.016519658204867033,0.0,0.016519658204867033
4729,148,0.023279423195280324,0.006756756756756757,0.016522666438523567
12263,73,0.01665242989426796,0.0,0.01665242989426796
12597,87,0.02814894799391224,0.011494252873563218,0.016654695120349023
13119,23,0.016673663305486638,0.0,0.016673663305486638
12107,78,0.016698735616792935,0.0,0.016698735616792935
11914,152,0.24701800337709362,0.23026315789473684,0.016754845482356784
12296,22,0.016937786054772308,0.0,0.016937786054772308
11535,85,0.3816507064491462,0.36470588235294116,0.01694482409620507
12190,45,0.01695282351762157,0.0,0.01695282351762157
12906,30,0.016964519632414306,0.0,0.016964519632414306
12863,72,0.01699242666935515,0.0,0.01699242666935515
11570,57,0.3504095877316439,0.3333333333333333,0.017076254398310564
12461,75,0.03045228856860641,0.013333333333333334,0.017118955235273077
12002,144,0.04491099899744081,0.027777777777777776,0.017133221219663035
12088,107,0.017154040114814847,0.0,0.017154040114814847
11745,72,0.017185205359375285,0.0,0.017185205359375285
13048,44,0.039915761716310276,0.022727272727272728,0.017188488989037548
13131,23,0.01729195566914256,0.0,0.01729195566914256
12233,61,0.03397014455549505,0.01639344262295082,0.017576701932544233
11560,24,0.017878230520366963,0.0,0.017878230520366963
12390,23,0.017905927737867117,0.0,0.017905927737867117
11977,47,0.0817656466372488,0.06382978723404255,0.01793585940320626
11843,139,0.03236898095317079,0.014388489208633094,0.017980491744537697
12220,31,0.018091226199375334,0.0,0.018091226199375334
12163,152,0.018121174179576417,0.0,0.018121174179576417
12492,56,0.018202608109533912,0.0,0.018202608109533912
11710,132,0.13954140223691594,0.12121212121212122,0.018329281024794725
12783,39,0.018443571788775818,0.0,0.018443571788775818
12782,100,0.08850509006181713,0.07,0.018505090061817123
12483,90,0.040997891403129656,0.022222222222222223,0.018775669180907433
12484,50,0.01878742683370823,0.0,0.01878742683370823
4185,23,0.018855167376631423,0.0,0.018855167376631423
11717,46,0.018898215381761473,0.0,0.018898215381761473
12140,196,0.04954685304770053,0.030612244897959183,0.01893460814974135
12431,106,0.03781982531886213,0.018867924528301886,0.018951900790560246
12606,85,0.030719422885643045,0.011764705882352941,0.018954717003290104
12691,81,0.01898338221562109,0.0,0.01898338221562109
13072,45,0.06343049746142072,0.044444444444444446,0.018986053016976277
11872,20,0.1690690227481018,0.15,0.019069022748101794
13081,20,0.019117107928042727,0.0,0.019117107928042727
11818,129,0.1586927984233162,0.13953488372093023,0.01915791470238598
12162,72,0.0192260986337663,0.0,0.0192260986337663
3962,27,0.019255195612031248,0.0,0.019255195612031248
11771,32,0.019261719897421703,0.0,0.019261719897421703
11896,157,0.23595600902253341,0.21656050955414013,0.01939549946839328
11619,22,0.019426179547473197,0.0,0.019426179547473197
11902,136,0.01949754269059363,0.0,0.01949754269059363
12458,111,0.03757061083322125,0.018018018018018018,0.019552592815203235
11760,164,0.15980378889921817,0.1402439024390244,0.01955988646019377
12185,47,0.019637399078680225,0.0,0.019637399078680225
12151,37,0.019804681543927505,0.0,0.019804681543927505
12093,67,0.1243033928278704,0.1044776119402985,0.019825780887571892
13029,50,0.019855334298112936,0.0,0.019855334298112936
12601,91,0.09681328340876434,0.07692307692307693,0.019890206485687414
11855,51,0.019898650360539533,0.0,0.019898650360539533
12801,84,0.019902356912881496,0.0,0.019902356912881496
12510,82,0.02005698772554108,0.0,0.02005698772554108
12339,46,0.02007075444663429,0.0,0.02007075444663429
11744,29,0.020212112875899562,0.0,0.020212112875899562
12023,25,0.020214085825014064,0.0,0.020214085825014064
12027,117,0.020224146082552946,0.0,0.020224146082552946
4149,77,0.046205366361331615,0.025974025974025976,0.02023134038730564
11929,77,0.033226702287582746,0.012987012987012988,0.020239689300569758
12693,91,0.020241006424890046,0.0,0.020241006424890046
12015,166,0.020335422340955884,0.0,0.020335422340955884
12334,174,0.043641014803603426,0.022988505747126436,0.02065250905647699
12699,126,0.13971231285190397,0.11904761904761904,0.020664693804284928
11578,140,0.48504724756496914,0.4642857142857143,0.02076153327925484
12080,148,0.041064387294428406,0.02027027027027027,0.020794117024158135
12875,49,0.020855965318149983,0.0,0.020855965318149983
12328,80,0.0210079499921979,0.0,0.0210079499921979
12867,81,0.04571405908263641,0.024691358024691357,0.021022701057945056
12453,44,0.021426680076519374,0.0,0.021426680076519374
13027,52,0.0219302202784511,0.0,0.0219302202784511
12153,215,0.11970457086865596,0.09767441860465116,0.0220301522640048
12573,124,0.25638480259165347,0.23387096774193547,0.022513834849718
12836,75,0.035856988247127394,0.013333333333333334,0.02252365491379406
12265,77,0.035567485477100216,0.012987012987012988,0.02258047249008723
12168,34,0.02267788698676135,0.0,0.02267788698676135
11718,88,0.04553270361563402,0.022727272727272728,0.02280543088836129
1451,25,0.06287485237898371,0.04,0.022874852378983714
12497,158,0.10517209735211627,0.08227848101265822,0.02289361633945805
12511,77,0.022962517120599525,0.0,0.022962517120599525
11566,98,0.20663902099094383,0.1836734693877551,0.022965551603188722
12252,94,0.033681560881573036,0.010638297872340425,0.02304326300923261
12559,60,0.023056841776525918,0.0,0.023056841776525918
12579,100,0.023154750146160072,0.0,0.023154750146160072
11833,113,0.02318957713933348,0.0,0.02318957713933348
12331,192,0.382696614456228,0.359375,0.02332161445622799
12846,67,0.023341276225082055,0.0,0.023341276225082055
12253,132,0.3416751499525229,0.3181818181818182,0.02349333177070473
13017,35,0.023754080066629286,0.0,0.023754080066629286
11954,195,0.10070151286729646,0.07692307692307693,0.023778435944219536
12565,101,0.03369481840984429,0.009900990099009901,0.02379382831083439
11835,126,0.4285700416216353,0.40476190476190477,0.023808136859730544
12022,164,0.3775255988190012,0.35365853658536583,0.023867062233635383
11934,95,0.20288780553704577,0.17894736842105263,0.02394043711599314
12024,121,0.02394260759787867,0.0,0.02394260759787867
12391,102,0.03383821722793159,0.00980392156862745,0.024034295659304136
11657,35,0.024280567414202908,0.0,0.024280567414202908
12288,134,0.12876088299127722,0.1044776119402985,0.024283271050978716
12975,65,0.024353597201200262,0.0,0.024353597201200262
12664,95,0.04558985397785052,0.021052631578947368,0.024537222398903154
12966,26,0.024644901300870617,0.0,0.024644901300870617
4152,76,0.051356552817584084,0.02631578947368421,0.025040763343899874
13160,21,0.02505260799446168,0.0,0.02505260799446168
12422,189,0.05157895110907967,0.026455026455026454,0.025123924654053213
12256,57,0.025315985050551146,0.0,0.025315985050551146
12114,152,0.038625488846504095,0.013157894736842105,0.02546759410966199
12377,124,0.02559147501041269,0.0,0.02559147501041269
12170,142,0.2016982315562426,0.176056338028169,0.02564189352807361
3975,28,0.025800245847362405,0.0,0.025800245847362405
11967,169,0.061415025513037395,0.03550295857988166,0.025912066933155738
12222,34,0.02603993790339183,0.0,0.02603993790339183
12824,73,0.24526453946255905,0.2191780821917808,0.02608645727077824
2447,112,0.294053831151093,0.26785714285714285,0.026196688293950166
12420,117,0.02645205155897768,0.0,0.02645205155897768
12498,138,0.04837414753579453,0.021739130434782608,0.026635017101011925
12608,46,0.02727229816744148,0.0,0.02727229816744148
12069,55,0.027565507407220496,0.0,0.027565507407220496
11836,29,0.027590135254276366,0.0,0.027590135254276366
12052,39,0.07895531977243365,0.05128205128205128,0.027673268490382374
12276,160,0.10896268827993487,0.08125,0.027712688279934866
12272,165,0.09446053708262543,0.06666666666666667,0.027793870415958766
12097,30,0.028399428987131606,0.0,0.028399428987131606
12703,135,0.08801803318355914,0.05925925925925926,0.028758773924299874
12712,50,0.028852825870256345,0.0,0.028852825870256345
12150,202,0.6181091878105127,0.5891089108910891,0.02900027691942364
12813,48,0.029077066062824907,0.0,0.029077066062824907
12270,44,0.029385422232657166,0.0,0.029385422232657166
12250,145,0.05707318323709838,0.027586206896551724,0.02948697634054666
12437,125,0.10152947242260131,0.072,0.029529472422601316
11635,23,0.029605500762520415,0.0,0.029605500762520415
12970,51,0.029764160275437983,0.0,0.029764160275437983
12477,131,0.03750063513731735,0.007633587786259542,0.02986704735105781
12748,66,0.03018593328830494,0.0,0.03018593328830494
12578,111,0.08425908411813307,0.05405405405405406,0.030205030064079014
11919,164,0.12787674898110857,0.0975609756097561,0.030315773371352467
12583,66,0.030544878800033908,0.0,0.030544878800033908
12873,29,0.03068065310807841,0.0,0.03068065310807841
12656,88,0.05374407615115045,0.022727272727272728,0.03101680342387772
12417,61,0.031218805821921054,0.0,0.031218805821921054
12544,112,0.04020237955774051,0.008928571428571428,0.03127380812916908
11888,66,0.04655744339669871,0.015151515151515152,0.03140592824518356
12676,57,0.031624189166271396,0.0,0.031624189166271396
12860,92,0.03168817683264633,0.0,0.03168817683264633
12203,152,0.2817106391322807,0.25,0.03171063913228073
13139,21,0.031808949220992186,0.0,0.031808949220992186
12755,73,0.16919311321109345,0.136986301369863,0.03220681184123045
13137,26,0.1479267256962704,0.11538461538461539,0.03254211031165502
12202,22,0.032649011435441945,0.0,0.032649011435441945
11798,175,0.29585044725999843,0.26285714285714284,0.03299330440285558
12520,114,0.042127982168218135,0.008771929824561403,0.03335605234365673
12820,46,0.03380157831657395,0.0,0.03380157831657395
4078,66,0.30666646802935976,0.2727272727272727,0.033939195302087055
4151,74,0.30431852450215413,0.2702702702702703,0.034048254231883845
11686,205,0.24874469660004225,0.2146341463414634,0.03411055025857884
12246,182,0.04514351538448819,0.01098901098901099,0.0341545043954772
11770,58,0.03454889438251231,0.0,0.03454889438251231
12373,183,0.11118773605233773,0.07650273224043716,0.03468500381190057
12558,125,0.07469713903308706,0.04,0.034697139033087056
11702,101,0.08436240513789714,0.04950495049504951,0.03485745464284763
12409,53,0.03492500895389539,0.0,0.03492500895389539
12729,43,0.12800179841394482,0.09302325581395349,0.034978542599991336
12659,20,0.035205555268750126,0.0,0.035205555268750126
11951,28,0.035338859601673885,0.0,0.035338859601673885
13047,43,0.03560198611173782,0.0,0.03560198611173782
12469,172,0.05314168266609935,0.01744186046511628,0.03569982220098307
12724,38,0.035759015287165435,0.0,0.035759015287165435
11812,82,0.07235091977765969,0.036585365853658534,0.03576555392400115
12937,34,0.06521626503788432,0.029411764705882353,0.035804500332001964
11746,84,0.03609399390545424,0.0,0.03609399390545424
11898,159,0.3507322273458585,0.31446540880503143,0.036266818540827084
4083,48,0.03636848739583922,0.0,0.03636848739583922
11920,62,0.036416284264630006,0.0,0.036416284264630006
12994,34,0.1250612786388128,0.08823529411764706,0.03682598452116574
13036,31,0.03710555930817844,0.0,0.03710555930817844
12537,130,0.29113851826710563,0.25384615384615383,0.037292364420951796
12996,26,0.03734380840228579,0.0,0.03734380840228579
12652,112,0.03740133942141731,0.0,0.03740133942141731
11716,81,0.148837107973391,0.1111111111111111,0.0377259968622799
12629,81,0.0749803626204465,0.037037037037037035,0.03794332558340946
12438,78,0.03827722342926251,0.0,0.03827722342926251
12165,213,0.5128849343791678,0.47417840375586856,0.03870653062329926
11974,132,0.1906407328275844,0.15151515151515152,0.03912558131243288
12912,41,0.06429273299092779,0.024390243902439025,0.039902489088488764
13049,49,0.08083859892504823,0.04081632653061224,0.04002227239443599
13105,27,0.040105494552122874,0.0,0.040105494552122874
11755,45,0.06255147729653118,0.022222222222222223,0.040329255074308956
4068,49,0.2648538955472079,0.22448979591836735,0.04036409962884055
11774,49,0.1628823308041941,0.12244897959183673,0.04043335121235736
11793,88,0.04049669231622457,0.0,0.04049669231622457
12462,166,0.08266549899593637,0.04216867469879518,0.04049682429714119
12132,170,0.2936064311434148,0.2529411764705882,0.040665254672826556
12675,36,0.040990111733321476,0.0,0.040990111733321476
12323,32,0.04151398238937966,0.0,0.04151398238937966
12455,119,0.1260384745249424,0.08403361344537816,0.04200486107956425
4133,49,0.04212030730088166,0.0,0.04212030730088166
12074,87,0.20317173090322665,0.16091954022988506,0.0422521906733416
12363,80,0.08016678678084083,0.0375,0.04266678678084083
4137,49,0.06323641036776945,0.02040816326530612,0.04282824710246333
12714,115,0.10385054871629631,0.06086956521739131,0.04298098349890501
12353,33,0.043149870304425686,0.0,0.043149870304425686
12016,43,0.06651372527436517,0.023255813953488372,0.043257911320876793
4181,23,0.043335641897422346,0.0,0.043335641897422346
12393,175,0.12371977681642221,0.08,0.04371977681642221
12529,48,0.044452769897861684,0.0,0.044452769897861684
4086,37,0.1797489980497268,0.13513513513513514,0.04461386291459166
4114,76,0.13693585131781164,0.09210526315789473,0.044830588159916904
788,42,0.2356163211040855,0.19047619047619047,0.04514013062789504
12050,150,0.07253699257135895,0.02666666666666667,0.04587032590469228
11546,81,0.09541750809664225,0.04938271604938271,0.046034792047259535
12508,110,0.1370426599867874,0.09090909090909091,0.0461335690776965
12055,217,1.032317163905425,0.9861751152073732,0.04614204869805172
12415,156,0.1425295633148325,0.09615384615384616,0.04637571716098633
4117,32,0.046429389060827254,0.0,0.046429389060827254
11811,55,0.046956259674873956,0.0,0.046956259674873956
13099,25,0.047823477225855796,0.0,0.047823477225855796
12636,60,0.11451186014434629,0.06666666666666667,0.047845193477679626
12960,22,0.0489517395549717,0.0,0.0489517395549717
12696,86,0.049176250626862594,0.0,0.049176250626862594
1140,54,0.14178838401695806,0.09259259259259259,0.049195791424365476
11909,59,0.06615299898424694,0.01694915254237288,0.04920384644187406
11740,90,0.0936630612124233,0.044444444444444446,0.04921861676797885
12028,158,0.4606924511475378,0.41139240506329117,0.04930004608424665
11684,115,0.20608111446221444,0.1565217391304348,0.04955937533177965
12418,161,0.11809200853714985,0.06832298136645963,0.04976902717069022
11805,140,0.42869171105237974,0.37857142857142856,0.050120282480951184
12605,127,0.1686959432064953,0.11811023622047244,0.05058570698602287
12708,21,0.05066823044869012,0.0,0.05066823044869012
12051,37,0.05119201614980514,0.0,0.05119201614980514
12539,23,0.05141961165075499,0.0,0.05141961165075499
12156,120,0.49310856514377976,0.44166666666666665,0.05144189847711311
12631,88,0.0972453066670091,0.045454545454545456,0.05179076121246365
11579,112,0.14138934935709094,0.08928571428571429,0.05210363507137665
12690,122,0.09325409462021142,0.040983606557377046,0.052270488062834373
12502,155,0.18800542075105314,0.13548387096774195,0.052521549783311194
12371,194,0.058571878644410734,0.005154639175257732,0.053417239469153
12034,169,0.16638360047939169,0.11242603550295859,0.0539575649764331
12536,123,0.07024661380818158,0.016260162601626018,0.053986451206555555
1461,29,0.2954549137877667,0.2413793103448276,0.05407560344293913
12297,40,0.05427229739554719,0.0,0.05427229739554719
12210,83,0.10262082165289357,0.04819277108433735,0.05442805056855622
11852,37,0.2166313803513867,0.16216216216216217,0.05446921818922454
12591,90,0.05509211049308498,0.0,0.05509211049308498
11862,93,0.0769030767087943,0.021505376344086023,0.05539770036470828
11797,25,0.056348674145610726,0.0,0.056348674145610726
12881,79,0.43656569111847143,0.379746835443038,0.05681885567543343
12059,59,0.2265889963084333,0.1694915254237288,0.05709747088470449
1450,45,0.2797859210900912,0.2222222222222222,0.057563698867868995
11883,147,0.20093556397561183,0.14285714285714285,0.058078421118468976
12953,56,0.05852123527051275,0.0,0.05852123527051275
12567,67,0.07388824680535236,0.014925373134328358,0.058962873671024
13019,51,0.0597835151926348,0.0,0.0597835151926348
12499,120,0.09333113840481339,0.03333333333333333,0.05999780507148005
12711,86,0.08335113601569505,0.023255813953488372,0.06009532206220668
11638,84,0.13153681791655986,0.07142857142857142,0.06010824648798843
12891,66,0.0602009679301911,0.0,0.0602009679301911
12010,96,0.2165585509348945,0.15625,0.06030855093489451
12214,47,0.06163717906734185,0.0,0.06163717906734185
12553,105,0.14766004892295614,0.08571428571428572,0.06194576320867043
12809,42,0.08605365225871883,0.023809523809523808,0.062244128449195024
12274,60,0.06224620730054868,0.0,0.06224620730054868
12870,41,0.06246847498540358,0.0,0.06246847498540358
12360,85,0.06307116133162423,0.0,0.06307116133162423
12974,42,0.13468907519060552,0.07142857142857142,0.0632605037620341
12440,134,0.242722933598722,0.1791044776119403,0.0636184559867817
12814,63,0.09543502126543042,0.031746031746031744,0.06368898951939868
11594,80,0.18896917005731362,0.125,0.06396917005731362
12343,104,0.09462060081236044,0.028846153846153848,0.0657744469662066
12727,74,0.06641696726237357,0.0,0.06641696726237357
1106,29,0.1371515271975838,0.06896551724137931,0.0681860099562045
12954,71,0.08233840822165751,0.014084507042253521,0.068253901179404
12067,150,0.46892962407819655,0.4,0.06892962407819653
13107,28,0.17794987777774723,0.10714285714285714,0.0708070206348901
13110,30,0.07248065688434083,0.0,0.07248065688434083
12408,153,0.4717197182579572,0.39869281045751637,0.07302690780044085
12495,160,0.18602813357604694,0.1125,0.07352813357604694
12427,21,0.07364868227005465,0.0,0.07364868227005465
12688,104,0.16066141398274836,0.08653846153846154,0.07412295244428682
2381,79,0.11258711756936024,0.0379746835443038,0.07461243402505643
12158,96,0.1699572476483888,0.09375,0.07620724764838879
12603,125,0.19722615532366075,0.12,0.07722615532366076
11663,35,0.16306030310464056,0.08571428571428572,0.07734601739035485
12283,33,0.13798351759768185,0.06060606060606061,0.07737745699162124
12934,50,0.11757974392037272,0.04,0.07757974392037273
12710,106,0.22878236507277508,0.1509433962264151,0.07783896884635999
12933,39,0.07847154123045873,0.0,0.07847154123045873
11672,137,0.7208172649540067,0.6423357664233577,0.07848149853064901
12734,80,0.11760548655128411,0.0375,0.0801054865512841
12066,165,0.420358646565936,0.3393939393939394,0.08096470717199661
11538,144,0.567991369111367,0.4861111111111111,0.08188025800025595
11847,141,0.09829580241991787,0.014184397163120567,0.0841114052567973
12541,36,0.38997019858471604,0.3055555555555556,0.08441464302916046
11731,61,0.2652536433280327,0.18032786885245902,0.08492577447557367
12948,59,0.08510551645458128,0.0,0.08510551645458128
12890,32,0.08527254989452293,0.0,0.08527254989452293
13007,41,0.08634056024349662,0.0,0.08634056024349662
12177,165,0.17139470109748603,0.08484848484848485,0.08654621624900118
12032,68,0.19151179261173962,0.10294117647058823,0.08857061614115139
12054,174,0.7036879135804143,0.6149425287356322,0.08874538484478212
1443,82,0.12628707411468434,0.036585365853658534,0.0897017082610258
12547,106,0.23222999644213313,0.14150943396226415,0.09072056247986898
11700,192,0.9841170596604533,0.890625,0.09349205966045326
12196,165,0.8641213857829624,0.7696969696969697,0.09442441608599272
1153,21,0.0948620294538347,0.0,0.0948620294538347
12154,81,0.13192001759046784,0.037037037037037035,0.0948829805534308
12695,106,0.0950344595269403,0.0,0.0950344595269403
12003,105,0.13510449731809104,0.0380952380952381,0.09700925922285294
12406,143,0.4264214010672429,0.32867132867132864,0.09775007239591427
12674,82,0.19638396096374036,0.0975609756097561,0.09882298535398426
12670,95,0.1202432670576226,0.021052631578947368,0.09919063547867524
12411,171,0.2594072422381476,0.15789473684210525,0.10151250539604234
1132,31,0.26390406660256555,0.16129032258064516,0.10261374402192039
12452,93,0.1260994063769282,0.021505376344086023,0.10459403003284218
4132,119,0.1273854914635423,0.01680672268907563,0.11057876877446668
12374,146,0.19499978253650488,0.0821917808219178,0.11280800171458708
12268,222,0.19274257843114945,0.07207207207207207,0.12067050635907738
11994,103,0.15027830444409185,0.02912621359223301,0.12115209085185884
11780,134,0.21108884080587584,0.08955223880597014,0.1215366019999057
12464,85,0.38163745743112654,0.24705882352941178,0.13457863390171476
13040,38,0.4258650836542125,0.2894736842105263,0.13639139944368617
13021,32,0.4218736569109942,0.28125,0.1406236569109942
13132,20,0.14074280104324804,0.0,0.14074280104324804
13023,24,0.14241270101974038,0.0,0.14241270101974038
12617,131,0.1769312511992927,0.030534351145038167,0.14639690005425454
12856,59,0.21577964511439668,0.06779661016949153,0.14798303494490517
11787,95,0.4838097633541856,0.3263157894736842,0.15749397388050135
12166,211,0.6232452604604444,0.46445497630331756,0.15879028415712682
755,37,0.5406760015512435,0.3783783783783784,0.1622976231728651
4077,88,0.3709995328317488,0.20454545454545456,0.16645407828629424
11633,40,0.242298254324316,0.075,0.167298254324316
12904,52,0.18815755039756785,0.019230769230769232,0.1689267811667986
12788,62,0.30242347970124855,0.12903225806451613,0.17339122163673243
12660,96,0.24723336969579926,0.041666666666666664,0.2055667030291326
12217,198,0.560170217672201,0.3484848484848485,0.21168536918735248
12564,135,0.5213957760575832,0.2962962962962963,0.22509947976128697
12258,136,0.5497345386149947,0.3014705882352941,0.24826395037970056
12410,175,0.8923293870671799,0.6342857142857142,0.25804367278146567
