season,match_id,player_id,brownlow_votes,p3,p2,p1,p0,expected_votes,model,role,win_loss_draw,absolute_margin,disposals,goals,match_rank_of_p3
2018,2018_R2_north_melbourne_v_st_kilda_2018-03-30,12084,3,0.0011575878543509466,0.0016198767455520475,0.002286171798849837,0.9949363636012472,0.008998688853006772,Model1_PlackettLuce,UNKNOWN,win,52,14,0,26.0
2018,2018_R19_essendon_v_sydney_2018-07-27,11715,3,0.0017246754391305051,0.0023264150953316415,0.0031726586189881997,0.9927762508465497,0.012999515127042997,Model1_PlackettLuce,MEDIUM_DEFENDER,win,43,12,0,24.0
2023,2023_R14_port_adelaide_v_geelong_2023-06-15,12956,3,0.0020682934782353685,0.0033988378744617934,0.004600610784028721,0.9899322578632741,0.017603166967658415,Model1_PlackettLuce,MIDFIELDER,win,38,13,0,22.0
2023,2023_R3_collingwood_v_richmond_2023-03-31,12066,3,0.0021830807193262743,0.0036166637044419206,0.004859968536147851,0.9893402870400839,0.018642538103010517,Model1_PlackettLuce,MIDFIELDER_FORWARD,win,14,20,0,20.0
2024,2024_R23_adelaide_v_western_bulldogs_2024-08-11,12849,3,0.0035208852685721785,0.004169063495799802,0.0050394430103081365,0.9872706082253199,0.02394022580762428,Model1_PlackettLuce,MIDFIELDER,win,39,14,0,18.0
2019,2019_R19_port_adelaide_v_greater_western_sydney_2019-07-27,11825,3,0.0042207473283206115,0.006425263178698531,0.008773996889053512,0.9805799926039274,0.03428676523141241,Model1_PlackettLuce,KEY_DEFENDER,win,1,17,0,17.0
2023,2023_R19_brisbane_lions_v_geelong_2023-07-22,12340,3,0.006280267942568256,0.007160789249182886,0.00823944195131684,0.978319500856932,0.04140182427738738,Model1_PlackettLuce,KEY_DEFENDER,win,11,12,0,17.0
2025,2025_R6_western_bulldogs_v_brisbane_lions_2025-04-12,12076,3,0.007033736167933643,0.008286816182290673,0.00990422717880183,0.9747752204709739,0.0475790680471841,Model1_PlackettLuce,MEDIUM_DEFENDER,win,21,23,0,17.0
2023,2023_R19_port_adelaide_v_collingwood_2023-07-22,12083,3,0.009040321121809415,0.01021713062497715,0.01158130815114118,0.9691612401020722,0.059136532766523725,Model1_PlackettLuce,MEDIUM_FORWARD,win,2,12,3,16.0
2023,2023_R17_fremantle_v_carlton_2023-07-09,12402,3,0.006148732349636501,0.007333682625142069,0.008980035012986942,0.9775375500122344,0.04209359731218058,Model1_PlackettLuce,KEY_DEFENDER,win,53,11,0,15.0
2021,2021_R9_hawthorn_v_north_melbourne_2021-05-15,12707,3,0.0016965487922168438,0.003898587522762453,0.014514049615467725,0.979890814069553,0.02740087103764316,Model1_PlackettLuce,MIDFIELDER_FORWARD,win,7,18,1,15.0
2019,2019_R6_sydney_v_greater_western_sydney_2019-04-27,12091,3,0.004915517997399923,0.0060344869096657875,0.0077318229729914905,0.9813181721199428,0.03454735078452283,Model1_PlackettLuce,MIDFIELDER,win,41,21,0,15.0
2021,2021_R3_west_coast_v_port_adelaide_2021-04-03,11768,3,0.006525893696954041,0.009535005262207913,0.013390121792476888,0.9705489792483611,0.05203781340775484,Model1_PlackettLuce,RUCK,win,37,11,0,13.0
2024,2024_R5_richmond_v_st_kilda_2024-04-07,12703,3,0.005811306925496078,0.008086209135285832,0.011965962448194725,0.9741365214910235,0.045572301495254625,Model1_PlackettLuce,KEY_DEFENDER,win,7,17,0,13.0
2024,2024_R9_melbourne_v_geelong_2024-05-04,12653,3,0.008311318968357202,0.0110697427313364,0.014020494672969747,0.9665984436273366,0.061093937040714155,Model1_PlackettLuce,KEY_FORWARD,win,8,13,1,13.0
2022,2022_R11_port_adelaide_v_essendon_2022-05-29,12494,3,0.011557544751178905,0.0157922608449017,0.021307499576086696,0.9513426948278327,0.08756465551942681,Model1_PlackettLuce,MEDIUM_FORWARD,win,16,15,1,12.0
2024,2024_R16_port_adelaide_v_brisbane_lions_2024-06-22,12076,3,0.002997229769839448,0.00510089435449519,0.00948891791886363,0.9824129579568017,0.028682395937372353,Model1_PlackettLuce,MEDIUM_DEFENDER,win,79,26,0,12.0
2024,2024_R5_fremantle_v_carlton_2024-04-06,12786,3,0.01882758069281326,0.0210002747436122,0.023327287774835868,0.9368448567887386,0.12181057934050005,Model1_PlackettLuce,MIDFIELDER,loss,10,26,0,12.0
2025,2025_R10_gold_coast_v_western_bulldogs_2025-05-10,12768,3,0.0165373408290364,0.020583985581526947,0.026136774624296484,0.9367418989651402,0.11691676827445957,Model1_PlackettLuce,MIDFIELDER,win,10,20,1,12.0
2022,2022_R17_hawthorn_v_adelaide_2022-07-10,12752,3,0.017637179118076045,0.020657312651643393,0.024340284140435882,0.9373652240898447,0.11856644679795081,Model1_PlackettLuce,MEDIUM_DEFENDER,win,32,24,0,12.0
2018,2018_R17_hawthorn_v_brisbane_lions_2018-07-14,12592,3,0.00891430346252124,0.014542257170414973,0.022694552536809066,0.9538488868302547,0.07852197726520273,Model1_PlackettLuce,MIDFIELDER,win,33,19,3,12.0
2017,2017_R15_carlton_v_adelaide_2017-07-01,11866,3,0.013949867995735459,0.016985545788455077,0.0209520080963521,0.9481125781194573,0.09677270366046863,Model1_PlackettLuce,KEY_DEFENDER,loss,12,19,0,12.0
2019,2019_R4_port_adelaide_v_richmond_2019-04-13,11879,3,0.007891636994242725,0.01085133369217314,0.015549905093694387,0.9657071242198897,0.060927483460768844,Model1_PlackettLuce,UNKNOWN,win,7,17,0,12.0
2016,2016_R13_essendon_v_greater_western_sydney_2016-06-19,3940,3,0.0070941975964073315,0.009799405442787358,0.013899522670000724,0.9692068742908047,0.05478092634479744,Model1_PlackettLuce,MIDFIELDER,loss,27,25,0,11.0
2020,2020_R15_west_coast_v_essendon_2020-09-01,12383,3,0.018948275373079117,0.022333355501569136,0.02663116638143455,0.9320872027439172,0.12814270350381018,Model1_PlackettLuce,KEY_DEFENDER,win,15,11,0,11.0
2021,2021_R4_gold_coast_v_carlton_2021-04-10,12684,3,0.016039171180024757,0.02151300082631592,0.0264383115080051,0.9360095164856542,0.11758182670071121,Model1_PlackettLuce,MIDFIELDER,win,11,24,0,11.0
2021,2021_R21_west_coast_v_melbourne_2021-08-09,12779,3,0.014051616898867468,0.016940291546511024,0.02047619888658115,0.9485318926680404,0.0965116326762056,Model1_PlackettLuce,RUCK,win,9,21,0,11.0
2025,2025_R10_north_melbourne_v_brisbane_lions_2025-05-11,12592,3,0.012082155421879943,0.014169156738344773,0.016973751331023853,0.9567749365087515,0.08155853107335323,Model1_PlackettLuce,MEDIUM_FORWARD,draw,0,14,3,11.0
2020,2020_R8_north_melbourne_v_carlton_2020-07-25,12236,3,0.028749432319267593,0.031207597317983567,0.03398068823633366,0.906062282126415,0.18264417983010356,Model1_PlackettLuce,MIDFIELDER,win,7,17,0,10.0
2019,2019_R21_west_coast_v_adelaide_2019-08-11,11905,3,0.007629596115474464,0.025674973164203956,0.0337102046626152,0.9329852260577064,0.10794893933744651,Model1_PlackettLuce,KEY_FORWARD,win,10,16,3,10.0
2023,2023_R8_north_melbourne_v_st_kilda_2023-05-07,12368,3,0.022289914903558174,0.02850533594494183,0.03521033378609375,0.9139944153654063,0.15909075038665194,Model1_PlackettLuce,MIDFIELDER,win,30,20,0,10.0
2015,2015_R4_western_bulldogs_v_adelaide_2015-04-26,468,3,0.014983167265858396,0.01784442872199993,0.021967371971344546,0.9452050320407971,0.1026057312129196,Model1_PlackettLuce,MEDIUM_DEFENDER,win,57,25,0,10.0
2025,2025_R5_gold_coast_v_adelaide_2025-04-05,12768,3,0.022545547540710757,0.027029866945070726,0.03174356908166424,0.9186810164325543,0.15343994559393795,Model1_PlackettLuce,MIDFIELDER,win,1,17,0,10.0
2024,2024_R7_brisbane_lions_v_geelong_2024-04-20,12551,3,0.03405281935668397,0.03641688922593251,0.03894630049470141,0.890583990922682,0.21393853701661833,Model1_PlackettLuce,MIDFIELDER,win,26,21,0,10.0
2015,2015_R16_melbourne_v_brisbane_lions_2015-07-19,11967,3,0.03302033295669006,0.03672161030162052,0.04060692791219617,0.8896511288294933,0.2131111473855074,Model1_PlackettLuce,MIDFIELDER,win,24,22,0,10.0
2020,2020_R13_collingwood_v_north_melbourne_2020-08-24,12372,3,0.009781475189812936,0.018789116388748237,0.029410561225071657,0.9420188471963671,0.09633321957200694,Model1_PlackettLuce,KEY_DEFENDER,win,30,16,0,9.0
2016,2016_R11_collingwood_v_port_adelaide_2016-06-05,12237,3,0.027774666696231336,0.034727419703352254,0.04153536080993487,0.8959625527904815,0.19431420030533336,Model1_PlackettLuce,MEDIUM_FORWARD,win,67,22,1,9.0
2025,2025_R3_brisbane_lions_v_west_coast_2025-03-23,12340,3,0.007889056481709874,0.02742580479596189,0.035352734729408176,0.92933240399292,0.11387151376646157,Model1_PlackettLuce,KEY_DEFENDER,win,19,20,0,9.0
2024,2024_R19_hawthorn_v_fremantle_2024-07-13,12915,3,0.030789243206265436,0.03435339453477146,0.03831078139477378,0.8965465808641894,0.199385300083113,Model1_PlackettLuce,MIDFIELDER,win,13,16,1,9.0
2025,2025_R15_west_coast_v_carlton_2025-06-15,12261,3,0.01319498508325484,0.017334760375988224,0.024817755274034552,0.9446524992667223,0.09907223127577552,Model1_PlackettLuce,MIDFIELDER,win,34,21,0,9.0
2024,2024_R9_western_bulldogs_v_hawthorn_2024-05-05,12354,3,0.03086384087972301,0.03455973295540812,0.039084077130210775,0.895492349034658,0.20079506568019606,Model1_PlackettLuce,MEDIUM_DEFENDER,loss,7,29,0,9.0
2015,2015_R10_north_melbourne_v_west_coast_2015-06-07,11654,3,0.024397903775577403,0.028906123422134812,0.03451489875073241,0.9121810740515554,0.16552085692173424,Model1_PlackettLuce,MIDFIELDER,loss,10,24,1,9.0
2022,2022_R22_western_bulldogs_v_greater_western_sydney_2022-08-13,12354,3,0.045089315049537664,0.047046865023973164,0.048987981045752575,0.8588758388807367,0.2783496562423119,Model1_PlackettLuce,MEDIUM_DEFENDER,win,5,26,1,9.0
2023,2023_R2_adelaide_v_richmond_2023-03-25,12686,3,0.013488547897293163,0.019167473070087003,0.02563988585795455,0.9417040931746653,0.10444047569000806,Model1_PlackettLuce,KEY_DEFENDER,win,32,13,0,8.0
2023,2023_R7_western_bulldogs_v_hawthorn_2023-04-29,12537,3,0.0354984214646478,0.039363728662534264,0.04359764019797088,0.8815402096748471,0.22882036191698282,Model1_PlackettLuce,RUCK,win,29,11,1,8.0
2022,2022_R15_geelong_v_richmond_2022-06-25,12552,3,0.03761870890899261,0.041058969405609935,0.04468654509164075,0.8766357765937567,0.23966061062983846,Model1_PlackettLuce,MEDIUM_FORWARD,win,3,18,3,8.0
2022,2022_R6_western_bulldogs_v_adelaide_2022-04-23,11713,3,0.03461761604437717,0.040471177947127644,0.04831086812359958,0.8766003378848957,0.2331060721509864,Model1_PlackettLuce,KEY_FORWARD,win,1,19,3,8.0
2023,2023_R9_richmond_v_geelong_2023-05-12,11917,3,0.011253536795265076,0.0188311067334605,0.029135442280907073,0.9407799141903673,0.1005582661336233,Model1_PlackettLuce,MIDFIELDER,win,24,19,1,8.0
2019,2019_R6_st_kilda_v_adelaide_2019-04-27,12560,3,0.03190452255424937,0.03742972625015681,0.044018729095605925,0.8866470220999879,0.21459174925866767,Model1_PlackettLuce,KEY_DEFENDER,win,29,21,0,8.0
2015,2015_R2_gold_coast_v_st_kilda_2015-04-11,11791,3,0.00760945860488381,0.016918895612382648,0.047857034098087316,0.9276146116846462,0.10452320113750405,Model1_PlackettLuce,UNKNOWN,win,28,22,0,8.0
2025,2025_R8_gold_coast_v_sydney_2025-04-27,12768,3,0.015142302879856323,0.026211919769343863,0.036809006910734375,0.9218367704400654,0.13465975508899108,Model1_PlackettLuce,MIDFIELDER,win,38,16,1,8.0
2024,2024_R20_geelong_v_western_bulldogs_2024-07-20,11898,3,0.004861900991970309,0.014405260759482752,0.043644012673846266,0.9370888255747007,0.0870402371687227,Model1_PlackettLuce,MIDFIELDER,win,47,23,0,8.0
2024,2024_R18_st_kilda_v_sydney_2024-07-07,12862,3,0.0499965519974065,0.0522368757600701,0.054664751758341554,0.8431018204841819,0.30912815927070125,Model1_PlackettLuce,MIDFIELDER,loss,2,28,0,8.0
2024,2024_R4_port_adelaide_v_melbourne_2024-03-30,12430,3,0.019683460109282857,0.05085285924170952,0.0635008958602979,0.8659627847887096,0.2242569946715655,Model1_PlackettLuce,MIDFIELDER,win,7,23,0,8.0
2024,2024_R14_hawthorn_v_greater_western_sydney_2024-06-08,12619,3,0.03499903570161985,0.03833735343106911,0.04190006820347,0.8847635426638409,0.22357188217046778,Model1_PlackettLuce,MIDFIELDER,win,6,20,0,8.0
2023,2023_R20_geelong_v_fremantle_2023-07-29,12352,3,0.02832461212845638,0.03454962630341922,0.041713751526978336,0.8954120100411461,0.1957868405191859,Model1_PlackettLuce,KEY_DEFENDER,win,7,18,0,8.0
2025,2025_R17_gold_coast_v_melbourne_2025-06-28,12824,3,0.028008849582117093,0.03286710367193257,0.038965505743478054,0.9001585410024723,0.18872626183369445,Model1_PlackettLuce,MEDIUM_FORWARD,win,19,28,0,8.0
2016,2016_R15_melbourne_v_adelaide_2016-07-03,12165,3,0.03421311841277988,0.044501774174713626,0.052683114155215545,0.868601993257291,0.24432601774298243,Model1_PlackettLuce,MEDIUM_DEFENDER,win,22,25,0,7.0
2018,2018_R9_brisbane_lions_v_hawthorn_2018-05-20,12454,3,0.012294874605915723,0.030263023718632334,0.0462727829507796,0.9111693187246723,0.14368345420579143,Model1_PlackettLuce,KEY_FORWARD,win,56,12,4,7.0
2019,2019_R8_port_adelaide_v_adelaide_2019-05-11,12560,3,0.01396194338841154,0.0376124499254577,0.05399734303298096,0.8944282636531498,0.17110807304913098,Model1_PlackettLuce,MEDIUM_DEFENDER,win,20,26,0,7.0
2018,2018_R18_sydney_v_gold_coast_2018-07-21,12385,3,0.05943634477922666,0.06650873768299326,0.0748866646853706,0.7991682528524094,0.3862131743890371,Model1_PlackettLuce,MEDIUM_DEFENDER,win,24,23,2,7.0
2019,2019_R2_richmond_v_collingwood_2019-03-28,12318,3,0.021745221051417307,0.035866311104414426,0.049341862622453256,0.8930466052217151,0.18631014798553402,Model1_PlackettLuce,UNKNOWN,win,44,15,5,7.0
2023,2023_R23_richmond_v_north_melbourne_2023-08-19,12707,3,0.013353044164793168,0.02308131080067768,0.08120375633297786,0.8823618887015513,0.16742551042871273,Model1_PlackettLuce,MIDFIELDER,loss,29,25,2,7.0
2025,2025_R11_west_coast_v_st_kilda_2025-05-18,12600,3,0.013644291978736577,0.023781907394619134,0.036269456599632495,0.9263043440270117,0.12476614732508048,Model1_PlackettLuce,MEDIUM_FORWARD,win,28,14,2,7.0
2025,2025_R5_collingwood_v_carlton_2025-04-03,12700,3,0.04703941865633324,0.05419896212538476,0.06245385400901711,0.8363077652092649,0.31197003422878633,Model1_PlackettLuce,MEDIUM_FORWARD,win,17,18,2,7.0
2024,2024_R14_west_coast_v_north_melbourne_2024-06-08,12590,3,0.021376253038558383,0.025993719668472023,0.0330179850899832,0.9196120422029864,0.14913418354260238,Model1_PlackettLuce,MIDFIELDER,win,9,26,0,7.0
2023,2023_R6_greater_western_sydney_v_brisbane_lions_2023-04-22,12055,3,0.007778004109245465,0.01916994820147771,0.03127911744788676,0.9417729302413901,0.09295302617857856,Model1_PlackettLuce,MIDFIELDER,win,21,20,0,7.0
2022,2022_R15_port_adelaide_v_gold_coast_2022-06-26,12357,3,0.03632603311691034,0.040897916854066046,0.046313125941999184,0.8764629240870244,0.2370870590008623,Model1_PlackettLuce,MIDFIELDER,win,2,26,0,7.0
2025,2025_R15_hawthorn_v_adelaide_2025-06-13,13057,3,0.039356275912609075,0.04547738987958229,0.051050394757542146,0.8641159394502665,0.260074002254534,Model1_PlackettLuce,MEDIUM_DEFENDER,win,3,23,0,7.0
2025,2025_R7_adelaide_v_greater_western_sydney_2025-04-19,12473,3,0.03626053794232752,0.040833510809291,0.04622881413166694,0.8766771371167146,0.2366774495772315,Model1_PlackettLuce,RUCK,win,18,17,0,7.0
2022,2022_R19_port_adelaide_v_geelong_2022-07-23,12357,3,0.03535053641593724,0.041110558062238914,0.04811963353097213,0.8754192719908517,0.23639235890326166,Model1_PlackettLuce,MIDFIELDER,loss,12,25,1,7.0
2018,2018_R14_west_coast_v_essendon_2018-06-21,12330,3,0.034701395669002,0.03930860929582914,0.04457329337010591,0.8814167016650629,0.2272946989687702,Model1_PlackettLuce,MEDIUM_DEFENDER,win,28,26,0,7.0
2017,2017_R16_collingwood_v_essendon_2017-07-08,12302,3,0.04731911624211398,0.06422754441868483,0.07639419165621512,0.8120591476829861,0.3468066292199267,Model1_PlackettLuce,MIDFIELDER,win,37,11,5,7.0
2016,2016_R17_adelaide_v_collingwood_2016-07-16,12217,3,0.06098059176471172,0.06290520022613547,0.06485081345589454,0.8112633945532584,0.3736029892023007,Model1_PlackettLuce,RUCK,loss,28,23,0,7.0
2015,2015_R21_gold_coast_v_essendon_2015-08-22,11948,3,0.01017745352432882,0.023623536806359813,0.04216602101265849,0.9240329886566528,0.11994545519836458,Model1_PlackettLuce,MIDFIELDER,win,2,13,3,7.0
2016,2016_R13_brisbane_lions_v_west_coast_2016-06-18,11904,3,0.049585075411459005,0.054314304262429995,0.05927554851372857,0.8368250718123824,0.31665938327296556,Model1_PlackettLuce,MIDFIELDER,win,49,28,0,7.0
2023,2023_R5_essendon_v_melbourne_2023-04-15,12075,3,0.01717537233310658,0.02299151048486605,0.034082439633331914,0.9257506775486954,0.13159157760238374,Model1_PlackettLuce,RUCK,win,27,12,2,7.0
2024,2024_R3_richmond_v_port_adelaide_2024-03-24,12150,3,0.018276486126975394,0.05103972859405628,0.06681512090915312,0.8638686643698152,0.22372403647819186,Model1_PlackettLuce,MIDFIELDER,win,30,26,0,6.0
2018,2018_R10_melbourne_v_adelaide_2018-05-27,12367,3,0.006609781199286459,0.01975127233983693,0.03617294480400626,0.9374660016568703,0.09550483308153951,Model1_PlackettLuce,MIDFIELDER,win,91,23,3,6.0
2016,2016_R19_melbourne_v_gold_coast_2016-07-31,11966,3,0.029506279924160238,0.039773588046036534,0.04710731024111859,0.8836128217886847,0.21517332610567236,Model1_PlackettLuce,RUCK,win,2,9,0,6.0
2025,2025_R8_greater_western_sydney_v_western_bulldogs_2025-04-26,13140,3,0.06340991900436302,0.07089220692724393,0.080687222357503,0.78501065171089,0.4127013932250799,Model1_PlackettLuce,MIDFIELDER_FORWARD,win,32,27,0,6.0
2024,2024_R22_greater_western_sydney_v_hawthorn_2024-08-04,12025,3,0.020814997805456845,0.03830102486364522,0.06426400475345513,0.8766199725774428,0.20331104789711613,Model1_PlackettLuce,MEDIUM_FORWARD,win,2,17,3,6.0
2022,2022_R4_sydney_v_north_melbourne_2022-04-09,11724,3,0.02744361365938726,0.03833121425315025,0.051843946016985096,0.8823812260704774,0.2108372155014474,Model1_PlackettLuce,MEDIUM_FORWARD,loss,11,9,5,6.0
2023,2023_R4_st_kilda_v_gold_coast_2023-04-08,12325,3,0.06824445269409471,0.0881620564817653,0.10891275072373875,0.7346807401004012,0.48997022176955346,Model1_PlackettLuce,MEDIUM_DEFENDER,win,53,31,1,6.0
2022,2022_R18_carlton_v_geelong_2022-07-16,11973,3,0.04817494980568032,0.052018787645649385,0.05561813335623829,0.844188129192432,0.304180558064578,Model1_PlackettLuce,MEDIUM_DEFENDER,win,30,24,0,6.0
2021,2021_R22_melbourne_v_adelaide_2021-08-15,12035,3,0.01606643520011879,0.0719513242919272,0.09180749869929976,0.8201747418086544,0.28390945288351055,Model1_PlackettLuce,MIDFIELDER,loss,41,36,1,6.0
2023,2023_R3_port_adelaide_v_adelaide_2023-04-01,12516,3,0.034837963808352676,0.041030580780397286,0.0496039010269218,0.8745275543843283,0.2361789540127744,Model1_PlackettLuce,MIDFIELDER,win,31,18,1,6.0
2023,2023_R15_geelong_v_melbourne_2023-06-22,12505,3,0.027639314320760527,0.04964002707659911,0.06407778968018843,0.858642868922452,0.24627578679566822,Model1_PlackettLuce,MEDIUM_DEFENDER,win,15,22,0,6.0
2023,2023_R9_sydney_v_fremantle_2023-05-13,12700,3,0.015546163098497899,0.03702214573357403,0.06362822468759476,0.8838034664803334,0.1843110054502365,Model1_PlackettLuce,MEDIUM_FORWARD,win,17,14,4,6.0
2023,2023_R20_west_coast_v_north_melbourne_2023-07-30,12253,3,0.035652424439349094,0.04700875679240884,0.06200159856991717,0.8553372201983249,0.2629763854727821,Model1_PlackettLuce,MIDFIELDER,win,5,26,0,6.0
2024,2024_R19_collingwood_v_geelong_2024-07-12,12499,3,0.06246033019760453,0.06894516006717379,0.07548033603933975,0.7931141736958819,0.40075164676650094,Model1_PlackettLuce,MIDFIELDER,win,20,24,1,6.0
2024,2024_R17_adelaide_v_greater_western_sydney_2024-06-29,12516,3,0.028667460162784337,0.03763893676550294,0.04810688449078793,0.8855867185809249,0.20938713851014681,Model1_PlackettLuce,MIDFIELDER,win,16,24,0,6.0
2015,2015_R18_fremantle_v_greater_western_sydney_2015-08-02,1421,3,0.04800930899214465,0.05520515240129993,0.06347380659643502,0.8333117320101204,0.31791203837546883,Model1_PlackettLuce,RUCK,win,21,21,0,6.0
2015,2015_R13_st_kilda_v_western_bulldogs_2015-06-27,11788,3,0.033114406703859685,0.041033952808602094,0.048178685250904595,0.8776729552366336,0.22958981097968786,Model1_PlackettLuce,MIDFIELDER,win,6,22,0,6.0
2018,2018_R21_melbourne_v_sydney_2018-08-12,12326,3,0.04489573409402182,0.05186205654536501,0.05907033867624314,0.84417187068437,0.2974816540490386,Model1_PlackettLuce,MIDFIELDER,win,9,19,2,6.0
2020,2020_R7_greater_western_sydney_v_brisbane_lions_2020-07-18,12340,3,0.06878884505254995,0.07052584784158118,0.07220216504344618,0.7884831420624225,0.4196203958842584,Model1_PlackettLuce,KEY_DEFENDER,win,20,14,0,6.0
2017,2017_R4_greater_western_sydney_v_port_adelaide_2017-04-15,12025,3,0.04841743716280054,0.05511267593892252,0.06369183412297315,0.8327780527753037,0.3191694974892198,Model1_PlackettLuce,MEDIUM_FORWARD,win,31,16,4,6.0
2017,2017_R16_adelaide_v_western_bulldogs_2017-07-07,11713,3,0.048451592454562376,0.05866417921303479,0.07108399200356422,0.8218002363288387,0.33376712779332096,Model1_PlackettLuce,MEDIUM_FORWARD,win,59,18,3,6.0
2017,2017_R23_west_coast_v_adelaide_2017-08-27,11805,3,0.06334434888133106,0.08003698662797597,0.09934120413611418,0.7572774603545789,0.4494482240360593,Model1_PlackettLuce,MIDFIELDER,win,29,28,1,6.0
2018,2018_R3_sydney_v_greater_western_sydney_2018-04-07,12413,3,0.02882129249324611,0.055367212662752505,0.07043037786505105,0.8453811169789505,0.2676286806702944,Model1_PlackettLuce,UNKNOWN,win,16,26,0,6.0
2017,2017_R20_adelaide_v_port_adelaide_2017-08-06,11708,3,0.034371655132951685,0.04864455322379284,0.0680764846011171,0.8489073070421385,0.26848055644755786,Model1_PlackettLuce,RUCK,win,84,12,2,6.0
2017,2017_R13_western_bulldogs_v_melbourne_2017-06-18,11938,3,0.040686702899157455,0.044923687467418406,0.049748123469170735,0.8646414861642535,0.2616556071014799,Model1_PlackettLuce,MIDFIELDER,win,57,27,0,6.0
2019,2019_R16_western_bulldogs_v_geelong_2019-07-06,12594,3,0.05513450686993493,0.0650521273468815,0.07863421715216855,0.801179148631015,0.3741419924557363,Model1_PlackettLuce,KEY_FORWARD,win,16,14,4,6.0
2019,2019_R2_gold_coast_v_fremantle_2019-03-31,12236,3,0.05698893722379908,0.06563120731371735,0.0761940636623466,0.801185791800137,0.3784232899611786,Model1_PlackettLuce,UNKNOWN,win,3,24,1,6.0
2020,2020_R15_hawthorn_v_adelaide_2020-09-01,11792,3,0.0166329538086314,0.023543674032672275,0.0391439067749268,0.9206794653837694,0.13613011626616556,Model1_PlackettLuce,MIDFIELDER,win,35,18,0,6.0
2020,2020_R4_st_kilda_v_richmond_2020-06-27,12490,3,0.054594466944221945,0.05870097992454772,0.06289192930028309,0.8238126238309472,0.3440772899820444,Model1_PlackettLuce,MEDIUM_FORWARD,win,26,13,3,6.0
2019,2019_R10_adelaide_v_west_coast_2019-05-25,12087,3,0.06328713515001985,0.07163516230582959,0.0823940402563866,0.782683662287764,0.4155257703181053,Model1_PlackettLuce,MIDFIELDER,win,12,27,0,6.0
2020,2020_R8_sydney_v_hawthorn_2020-07-25,12412,3,0.07429391965600932,0.08747830907066194,0.0988045479589157,0.7394232233144131,0.4966429250682675,Model1_PlackettLuce,MEDIUM_FORWARD,win,7,11,4,5.0
2020,2020_R5_greater_western_sydney_v_hawthorn_2020-07-05,12091,3,0.08189781023295388,0.08697471664457558,0.09180884538010799,0.7393186277423626,0.5114517093681208,Model1_PlackettLuce,MEDIUM_DEFENDER,win,34,21,0,5.0
2018,2018_R15_carlton_v_port_adelaide_2018-06-30,1456,3,0.09812217584030233,0.10168717402441445,0.10421660690324133,0.6959740432320419,0.6019574824729772,Model1_PlackettLuce,MEDIUM_DEFENDER,loss,21,37,0,5.0
2018,2018_R8_fremantle_v_st_kilda_2018-05-12,1421,3,0.009185430340479696,0.04629419677156814,0.07707216961854962,0.8674482032694026,0.19721685418312498,Model1_PlackettLuce,RUCK,win,30,13,1,5.0
2018,2018_R9_adelaide_v_western_bulldogs_2018-05-18,11535,3,0.06632248849811172,0.11581968035563656,0.135860607543724,0.6819972236025277,0.5664674337493323,Model1_PlackettLuce,MIDFIELDER,win,37,26,0,5.0
2018,2018_R10_geelong_v_carlton_2018-05-26,12464,3,0.030309130221787682,0.07222822818946034,0.09609729255285218,0.8013653490358997,0.3314811395971359,Model1_PlackettLuce,MIDFIELDER,win,28,23,2,5.0
2018,2018_R18_port_adelaide_v_greater_western_sydney_2018-07-22,12143,3,0.08166720954810083,0.08782268547500838,0.09474307231660853,0.7357670326602823,0.5153900719109278,Model1_PlackettLuce,MIDFIELDER,win,22,31,0,5.0
2018,2018_R21_essendon_v_st_kilda_2018-08-10,12407,3,0.11891735666378664,0.1311623828109651,0.14480414544838208,0.6051161150768661,0.7638809810616721,Model1_PlackettLuce,MEDIUM_FORWARD,win,43,15,5,5.0
2018,2018_R12_st_kilda_v_sydney_2018-06-09,4065,3,0.08783405033085902,0.11678161143332302,0.13772739209992998,0.657656946135888,0.6347927659591531,Model1_PlackettLuce,KEY_FORWARD,win,71,18,4,5.0
2018,2018_R11_adelaide_v_greater_western_sydney_2018-06-03,12022,3,0.07854543096547639,0.08874653055575768,0.09633665759661221,0.7363713808821537,0.5094660116045567,Model1_PlackettLuce,MIDFIELDER,win,16,29,1,5.0
2019,2019_R2_essendon_v_st_kilda_2019-03-30,12249,3,0.06409451523806654,0.07415746864520345,0.08051472089814717,0.7812332952185829,0.4211132039027537,Model1_PlackettLuce,UNKNOWN,win,11,28,0,5.0
2016,2016_R17_brisbane_lions_v_greater_western_sydney_2016-07-17,12255,3,0.022285434453453483,0.07386051211182242,0.10217335748205952,0.8016806959526646,0.3167506850660648,Model1_PlackettLuce,MIDFIELDER,win,79,26,3,5.0
2016,2016_R4_collingwood_v_melbourne_2016-04-17,11765,3,0.03895995423686901,0.08349402895032917,0.10011517105731728,0.7774308457554845,0.38398309166858263,Model1_PlackettLuce,MIDFIELDER,win,35,17,4,5.0
2015,2015_R6_melbourne_v_sydney_2015-05-09,12196,3,0.021496562711171358,0.0823126559726098,0.10572926096321329,0.7904615203530054,0.334844261041947,Model1_PlackettLuce,UNKNOWN,win,38,28,0,5.0
2016,2016_R4_essendon_v_geelong_2016-04-16,12241,3,0.09947436155555628,0.1017344086627783,0.1038069248696466,0.6949843049120189,0.605698826861872,Model1_PlackettLuce,MIDFIELDER,loss,30,29,1,5.0
2017,2017_R16_carlton_v_melbourne_2017-07-09,1456,3,0.07240033516712274,0.07728709712351794,0.08262267983471425,0.767689887874645,0.4543978795831184,Model1_PlackettLuce,MIDFIELDER,loss,8,35,0,5.0
2016,2016_R19_north_melbourne_v_st_kilda_2016-07-30,806,3,0.05479975881514137,0.07813864030057771,0.0902040121315309,0.77685758875275,0.4108805691781104,Model1_PlackettLuce,KEY_FORWARD,win,23,18,2,5.0
2017,2017_R21_hawthorn_v_north_melbourne_2017-08-13,11845,3,0.06310230323422587,0.07643549415730294,0.08766923523848633,0.7727929673699848,0.42984713325576984,Model1_PlackettLuce,MIDFIELDER,win,27,27,1,5.0
2021,2021_R3_collingwood_v_brisbane_lions_2021-04-01,4182,3,0.02948195743941495,0.048540140437514576,0.06917411979860445,0.8528037823244661,0.2547002729918784,Model1_PlackettLuce,MIDFIELDER,loss,1,30,0,5.0
2021,2021_R5_west_coast_v_collingwood_2021-04-16,12655,3,0.09843271918766115,0.1087797699725184,0.11787121472696326,0.6749162961128572,0.6307289122349835,Model1_PlackettLuce,KEY_FORWARD,win,27,13,5,5.0
2021,2021_R6_geelong_v_west_coast_2021-04-24,11637,3,0.023433386096602376,0.042978005209485755,0.07770503304208258,0.8558835756518293,0.23396120175086121,Model1_PlackettLuce,KEY_DEFENDER,win,97,19,2,5.0
2025,2025_R25_collingwood_v_melbourne_2025-08-22,11966,3,0.07638393351119013,0.07811161511986048,0.07956365003776686,0.7659408013311825,0.46493868081105827,Model1_PlackettLuce,RUCK,loss,6,23,0,5.0
2025,2025_R25_greater_western_sydney_v_st_kilda_2025-08-24,12025,3,0.061435440126080786,0.07944962472957719,0.10960234232967508,0.7495125928146669,0.4528079121670718,Model1_PlackettLuce,MEDIUM_FORWARD,win,11,17,4,5.0
2024,2024_R25_carlton_v_st_kilda_2024-08-25,12261,3,0.07928007295055413,0.08639820969568913,0.09418709113890868,0.740134626214848,0.5048237293819493,Model1_PlackettLuce,MIDFIELDER,loss,2,30,0,5.0
2025,2025_R20_hawthorn_v_port_adelaide_2025-07-19,12955,3,0.03831973651781756,0.05819632368650933,0.08520424325745596,0.8182796965382171,0.3165561001839273,Model1_PlackettLuce,MIDFIELDER,win,38,26,0,5.0
2025,2025_R16_greater_western_sydney_v_gold_coast_2025-06-22,12768,3,0.03952648626919027,0.06590856390290034,0.09881312234939803,0.7957518274785114,0.34920970896276954,Model1_PlackettLuce,MIDFIELDER,loss,7,34,0,5.0
2024,2024_R22_port_adelaide_v_sydney_2024-08-03,12956,3,0.06831949388263342,0.08451995971382895,0.10502859154314156,0.742131954860396,0.47902699261869974,Model1_PlackettLuce,MIDFIELDER_FORWARD,win,112,27,1,5.0
2024,2024_R11_collingwood_v_adelaide_2024-05-18,12318,3,0.04026608669600927,0.0714465746107225,0.09259907017187448,0.7956882685213937,0.3562904794813473,Model1_PlackettLuce,MIDFIELDER,win,4,26,2,5.0
2024,2024_R17_geelong_v_essendon_2024-06-29,12505,3,0.04839382112082348,0.05844486793835435,0.07218833118405588,0.8209729797567663,0.33425953042323503,Model1_PlackettLuce,MEDIUM_DEFENDER,win,45,23,0,5.0
2024,2024_R14_sydney_v_geelong_2024-06-09,12412,3,0.021549900916194496,0.08488286781678793,0.11592775915208302,0.7776394721149347,0.35034319753424237,Model1_PlackettLuce,MEDIUM_FORWARD,win,30,15,4,5.0
2025,2025_R11_gold_coast_v_hawthorn_2025-05-15,12331,3,0.01426252525746851,0.04179344154934811,0.06810077667143238,0.8758432565217511,0.19447523554253413,Model1_PlackettLuce,MIDFIELDER,win,8,22,2,5.0
2023,2023_R7_sydney_v_greater_western_sydney_2023-04-29,12025,3,0.11559047759591273,0.11746015124466724,0.11884469099027271,0.6481046801691474,0.7005364262673455,Model1_PlackettLuce,MEDIUM_FORWARD,win,1,22,4,5.0
2023,2023_R7_st_kilda_v_port_adelaide_2023-04-28,12956,3,0.06088540826283411,0.07586307542323631,0.09224160116194034,0.7710099151519892,0.4266239767969153,Model1_PlackettLuce,MIDFIELDER,win,7,25,0,5.0
2022,2022_R23_st_kilda_v_sydney_2022-08-21,11783,3,0.07316071319181441,0.077230295827758,0.08115402687433189,0.7684549641060957,0.4550967581052911,Model1_PlackettLuce,MIDFIELDER,loss,14,30,0,5.0
2023,2023_R17_geelong_v_north_melbourne_2023-07-09,11700,3,0.07253667205633002,0.07799143389178612,0.0839072129645043,0.7655646810873795,0.4575000969170666,Model1_PlackettLuce,MIDFIELDER,win,62,26,0,5.0
2023,2023_R5_geelong_v_west_coast_2023-04-16,12806,3,0.07407355299953913,0.07876575248824619,0.08393922802865526,0.7632214664835595,0.4636913920037651,Model1_PlackettLuce,MEDIUM_FORWARD,win,47,16,4,5.0
2023,2023_R5_greater_western_sydney_v_hawthorn_2023-04-16,12025,3,0.11290978388573,0.11949861623884982,0.12566401102031038,0.6419275888551097,0.7033905951552,Model1_PlackettLuce,MEDIUM_FORWARD,win,2,24,3,5.0
2022,2022_R6_port_adelaide_v_west_coast_2022-04-23,12150,3,0.15527049720686115,0.16044708161191598,0.16604282443703267,0.5182395967441902,0.952748479281448,Model1_PlackettLuce,MIDFIELDER,win,84,33,1,5.0
2022,2022_R15_sydney_v_st_kilda_2022-06-25,12412,3,0.03225920530270651,0.05294799785099255,0.06846813832996251,0.8463246585163384,0.2711417499400671,Model1_PlackettLuce,MEDIUM_FORWARD,win,51,19,2,5.0
2022,2022_R22_essendon_v_port_adelaide_2022-08-14,12698,3,0.1012288510694909,0.11719919041472228,0.1374214758956369,0.64415048262015,0.6755064099335542,Model1_PlackettLuce,MIDFIELDER_FORWARD,win,84,25,3,5.0
2022,2022_R21_hawthorn_v_gold_coast_2022-08-06,12177,3,0.06055600447517465,0.07287198467341649,0.08498104565735577,0.7815909651940531,0.4123930284297127,Model1_PlackettLuce,RUCK,loss,7,14,1,5.0
2021,2021_R13_west_coast_v_richmond_2021-06-13,12333,3,0.0467295881498891,0.05639440336732031,0.07002298670697352,0.8268530217758171,0.32300055789128146,Model1_PlackettLuce,MEDIUM_FORWARD,loss,4,27,2,5.0
2021,2021_R21_richmond_v_north_melbourne_2021-08-07,12590,3,0.05579383778064814,0.06666913909324236,0.07764701162833333,0.7998900114977762,0.37836680315676247,Model1_PlackettLuce,MIDFIELDER,loss,33,38,0,5.0
2023,2023_R13_sydney_v_st_kilda_2023-06-08,12325,3,0.10081997314184697,0.10762597368891234,0.11444762587318558,0.6771064272960551,0.6321594926765511,Model1_PlackettLuce,MEDIUM_DEFENDER,win,14,32,0,5.0
2023,2023_R10_hawthorn_v_west_coast_2023-05-21,12915,3,0.009143255104944063,0.05581753667352256,0.09202526950341763,0.8430139387181158,0.23109010816529493,Model1_PlackettLuce,MIDFIELDER,win,116,24,1,5.0
2022,2022_R23_geelong_v_west_coast_2022-08-20,12153,3,0.052690011998411966,0.059453102826219,0.06810384947039695,0.8197530357049722,0.3450800911180708,Model1_PlackettLuce,RUCK,win,85,25,0,5.0
2019,2019_R7_adelaide_v_fremantle_2019-05-05,11834,3,0.09598666969261317,0.10099780883968659,0.10623879005540299,0.6967767314122972,0.5961944168126156,Model1_PlackettLuce,MIDFIELDER,loss,17,32,0,5.0
2020,2020_R11_gold_coast_v_essendon_2020-08-12,12533,3,0.075493505181686,0.0855968907950729,0.09382004987934633,0.7450895541438948,0.49149434701455014,Model1_PlackettLuce,MIDFIELDER,draw,0,18,1,5.0
2020,2020_R7_richmond_v_north_melbourne_2020-07-18,12535,3,0.06143168190162812,0.06567610816990763,0.07024836626184404,0.8026438436666202,0.38589562830654367,Model1_PlackettLuce,MIDFIELDER,win,54,19,0,5.0
2021,2021_R5_st_kilda_v_richmond_2021-04-15,12374,3,0.08479728374143601,0.0985983891372689,0.119309405821363,0.6972949212999321,0.5708980353202088,Model1_PlackettLuce,RUCK,win,86,22,0,5.0
2022,2022_R22_gold_coast_v_geelong_2022-08-13,12017,3,0.08317887955192323,0.09190368562033427,0.10294007514548922,0.7219773596822533,0.5362840850419275,Model1_PlackettLuce,KEY_FORWARD,win,60,21,3,5.0
2019,2019_R18_st_kilda_v_western_bulldogs_2019-07-21,12324,3,0.09381189761767848,0.10356547003761313,0.11101931986696362,0.6916033124777448,0.5995859527952253,Model1_PlackettLuce,MEDIUM_FORWARD,win,27,20,4,5.0
2019,2019_R8_st_kilda_v_west_coast_2019-05-11,12087,3,0.04533551388109891,0.04971340934204585,0.05484297884779264,0.8501080979290626,0.2902763391751811,Model1_PlackettLuce,MIDFIELDER,win,18,23,0,5.0
2016,2016_R11_geelong_v_greater_western_sydney_2016-06-04,12143,3,0.051419729853725164,0.06712511830308855,0.09309513336175007,0.7883600184814363,0.38160455952910266,Model1_PlackettLuce,MIDFIELDER,loss,10,28,3,4.0
2016,2016_R2_carlton_v_sydney_2016-04-03,11953,3,0.12540381298673717,0.14707579240406524,0.17887085496803304,0.5486495396411646,0.849233878736375,Model1_PlackettLuce,UNKNOWN,win,60,29,1,4.0
2015,2015_R23_port_adelaide_v_fremantle_2015-09-05,11579,3,0.048611654754904844,0.07277194720139503,0.09550037854680472,0.7831160194968955,0.3868792372143093,Model1_PlackettLuce,MIDFIELDER,win,69,25,2,4.0
2015,2015_R22_adelaide_v_west_coast_2015-08-30,11891,3,0.08051599670854832,0.09351999024362719,0.10898364746613698,0.7169803655816874,0.5375716180790363,Model1_PlackettLuce,MEDIUM_DEFENDER,win,57,29,0,4.0
2015,2015_R22_hawthorn_v_brisbane_lions_2015-08-29,11845,3,0.12553324719247466,0.13793423701100826,0.15201122554885652,0.5845212902476606,0.8044794411482971,Model1_PlackettLuce,KEY_FORWARD,win,72,24,4,4.0
2015,2015_R22_north_melbourne_v_western_bulldogs_2015-08-29,12269,3,0.12237859188497012,0.12539832376461432,0.1272814385360901,0.6249416458143254,0.7452138617202291,Model1_PlackettLuce,MIDFIELDER,win,23,23,1,4.0
2015,2015_R16_collingwood_v_west_coast_2015-07-18,11751,3,0.10232332234994299,0.10453488229679032,0.10627238396600978,0.6868694113872569,0.6223121156094193,Model1_PlackettLuce,MIDFIELDER,loss,31,38,1,4.0
2016,2016_R8_west_coast_v_st_kilda_2016-05-15,4186,3,0.10599298215514488,0.11359356128780682,0.12140630618578419,0.6590071503712641,0.6665723752268324,Model1_PlackettLuce,MIDFIELDER,win,103,28,0,4.0
2016,2016_R2_st_kilda_v_western_bulldogs_2016-04-02,12122,3,0.06385806239180129,0.08116797640747583,0.09451197820553842,0.7604619829951844,0.44842211819589395,Model1_PlackettLuce,UNKNOWN,win,57,27,1,4.0
2015,2015_R8_hawthorn_v_sydney_2015-05-23,1135,3,0.09875621929939349,0.11494428912289788,0.12618492315823057,0.660114568419478,0.6523421593022068,Model1_PlackettLuce,MIDFIELDER,loss,4,32,0,4.0
2015,2015_R9_west_coast_v_geelong_2015-05-31,4186,3,0.06442257367145107,0.11677047604029886,0.14663215985956918,0.6721747904286808,0.5734408329545202,Model1_PlackettLuce,MIDFIELDER,win,56,29,0,4.0
2015,2015_R11_collingwood_v_greater_western_sydney_2015-06-14,12061,3,0.09393386546151224,0.11109051658652967,0.12570603065710773,0.6692695872948503,0.6296886602147038,Model1_PlackettLuce,MIDFIELDER,win,42,28,2,4.0
2015,2015_R15_richmond_v_carlton_2015-07-10,11733,3,0.1014878724442881,0.11143232582182774,0.11771960018574537,0.6693602015481388,0.6450478691622651,Model1_PlackettLuce,KEY_DEFENDER,win,30,22,0,4.0
2015,2015_R15_essendon_v_melbourne_2015-07-11,3939,3,0.1405497842255403,0.14516391420396565,0.14848417934643746,0.5658021222240566,0.8604613604309895,Model1_PlackettLuce,MIDFIELDER,win,9,30,1,4.0
2015,2015_R3_north_melbourne_v_port_adelaide_2015-04-18,11639,3,0.07874797721953848,0.07944828489667329,0.07981327952777202,0.7619904583560161,0.474953780979734,Model1_PlackettLuce,UNKNOWN,win,8,22,3,4.0
2015,2015_R9_richmond_v_essendon_2015-05-30,11557,3,0.08904254562302787,0.1009231625204521,0.11552265259052501,0.6945116392659951,0.5844966145005127,Model1_PlackettLuce,MIDFIELDER,win,13,25,0,4.0
2015,2015_R7_carlton_v_greater_western_sydney_2015-05-16,11677,3,0.059623686697331535,0.07943429815622993,0.11229315204617639,0.7486488631002621,0.4500328084506309,Model1_PlackettLuce,MIDFIELDER,win,78,27,0,4.0
2016,2016_R18_geelong_v_adelaide_2016-07-23,621,3,0.03651879016492858,0.053721609036368946,0.08770024217212381,0.8220593586265788,0.30469983073964746,Model1_PlackettLuce,MEDIUM_DEFENDER,win,30,31,0,4.0
2016,2016_R17_sydney_v_hawthorn_2016-07-14,1126,3,0.10635277224215682,0.12294000135981176,0.14354794150998776,0.6271592848880437,0.7084862609560817,Model1_PlackettLuce,MIDFIELDER,win,5,26,2,4.0
2016,2016_R15_sydney_v_western_bulldogs_2016-07-02,4065,3,0.05795885519035457,0.11857936270282506,0.14220931068500026,0.68125247142182,0.5532446016617141,Model1_PlackettLuce,MEDIUM_FORWARD,loss,4,21,5,4.0
2016,2016_R17_st_kilda_v_melbourne_2016-07-17,12300,3,0.08526262601010469,0.0952071463568272,0.10302540618742126,0.7165048214456468,0.5492275769313897,Model1_PlackettLuce,MEDIUM_FORWARD,win,36,16,4,4.0
2016,2016_R18_hawthorn_v_richmond_2016-07-24,4145,3,0.09421136577836302,0.13735060559383133,0.15609550350113785,0.6123425251266678,0.7134308120238896,Model1_PlackettLuce,MEDIUM_DEFENDER,win,70,31,1,4.0
2018,2018_R6_adelaide_v_gold_coast_2018-04-28,12165,3,0.10970784360403193,0.11061524122800445,0.11068196204982376,0.6689949531181398,0.6610359753179283,Model1_PlackettLuce,MEDIUM_DEFENDER,win,48,34,0,4.0
2015,2015_R18_geelong_v_brisbane_lions_2015-08-01,11884,3,0.11529320671493574,0.13532756705955054,0.15019925974470455,0.5991799664808093,0.766734014008613,Model1_PlackettLuce,MIDFIELDER,win,56,28,2,4.0
2015,2015_R19_st_kilda_v_fremantle_2015-08-09,1421,3,0.11910206020366612,0.1276549519246275,0.13753872715191626,0.6157042607197901,0.7501548116121697,Model1_PlackettLuce,RUCK,win,37,17,2,4.0
2017,2017_R13_richmond_v_sydney_2017-06-17,11672,3,0.10568650505501861,0.1031082369448523,0.09988747108741748,0.6913177869127116,0.6231634601421779,Model1_PlackettLuce,MIDFIELDER,win,9,23,1,4.0
2017,2017_R4_collingwood_v_st_kilda_2017-04-16,12249,3,0.1139534099229253,0.12109290561723159,0.128067901789185,0.636885782670658,0.7121139427924241,Model1_PlackettLuce,MIDFIELDER,win,14,28,1,4.0
2017,2017_R10_sydney_v_hawthorn_2017-05-26,1126,3,0.10367274549783856,0.11086218982420892,0.11684856448161031,0.6686165001963422,0.6495911806235438,Model1_PlackettLuce,MIDFIELDER,win,6,26,2,4.0
2018,2018_R4_essendon_v_port_adelaide_2018-04-15,11715,3,0.06112287014879952,0.08878249352974317,0.10352453358478465,0.7465701027366727,0.4644581310906695,Model1_PlackettLuce,MEDIUM_DEFENDER,win,22,29,0,4.0
2015,2015_R8_st_kilda_v_west_coast_2015-05-23,11805,3,0.09395989134536165,0.1284816615625917,0.1453922880658437,0.632166159026203,0.684235285227112,Model1_PlackettLuce,MIDFIELDER,win,53,28,1,4.0
2020,2020_R18_north_melbourne_v_west_coast_2020-09-17,12253,3,0.05923139151608277,0.06903416008020541,0.07629468960938411,0.7954397587943276,0.39205718431804326,Model1_PlackettLuce,MIDFIELDER,win,15,23,0,4.0
2020,2020_R17_collingwood_v_gold_coast_2020-09-14,4182,3,0.04807870869124391,0.051253105714052935,0.054497136430064715,0.8461710491646385,0.3012394739319023,Model1_PlackettLuce,MIDFIELDER,win,22,19,0,4.0
2020,2020_R17_greater_western_sydney_v_melbourne_2020-09-12,12410,3,0.10976926388100969,0.11291975532261937,0.11504659459041103,0.66226438620596,0.6701938968786788,Model1_PlackettLuce,MIDFIELDER,win,5,23,0,4.0
2020,2020_R17_geelong_v_richmond_2020-09-11,12535,3,0.08789574989758694,0.08976785881236275,0.09060970101788789,0.7317266902721624,0.5338326683353742,Model1_PlackettLuce,MIDFIELDER,win,26,18,0,4.0
2020,2020_R12_north_melbourne_v_brisbane_lions_2020-08-15,12055,3,0.09868921327693828,0.11567830535002918,0.12413925356008541,0.6614932278129472,0.6515635040909586,Model1_PlackettLuce,MIDFIELDER,win,1,24,0,4.0
2020,2020_R8_port_adelaide_v_st_kilda_2020-07-25,12368,3,0.07581446161215147,0.0986785413906058,0.11620639549917042,0.7093006014980723,0.5410068631168364,Model1_PlackettLuce,MIDFIELDER,win,29,21,0,4.0
2020,2020_R13_western_bulldogs_v_melbourne_2020-08-22,12692,3,0.14521275747413367,0.14391899496013785,0.14062525948712762,0.5702429880786009,0.8641015218298043,Model1_PlackettLuce,MIDFIELDER,win,28,26,1,4.0
2019,2019_R21_brisbane_lions_v_gold_coast_2019-08-10,12277,3,0.019813849854960344,0.15118121395372464,0.16941334283669632,0.6595915933546187,0.5312173203090266,Model1_PlackettLuce,MEDIUM_FORWARD,win,91,10,6,4.0
2019,2019_R16_north_melbourne_v_st_kilda_2019-07-07,12557,3,0.06919067524784685,0.09225254363680932,0.12757761794197278,0.7109791631733711,0.519654730959132,Model1_PlackettLuce,KEY_FORWARD,win,39,16,5,4.0
2019,2019_R17_essendon_v_north_melbourne_2019-07-13,12407,3,0.027979534402956842,0.08217021100044535,0.14677547943484504,0.7430747751617528,0.39505450464460623,Model1_PlackettLuce,MEDIUM_FORWARD,win,5,19,4,4.0
2019,2019_R14_st_kilda_v_brisbane_lions_2019-06-22,12277,3,0.12284629324093237,0.12891879458244584,0.1315169395733011,0.6167179726033207,0.7578934084609898,Model1_PlackettLuce,MEDIUM_FORWARD,win,56,13,5,4.0
2019,2019_R15_brisbane_lions_v_melbourne_2019-06-30,12454,3,0.041526970245624586,0.059697547636972645,0.09955690916683742,0.7992185729505653,0.34353291517765644,Model1_PlackettLuce,KEY_FORWARD,win,33,13,5,4.0
2019,2019_R17_west_coast_v_collingwood_2019-07-12,11751,3,0.08686505876291972,0.09731114580040126,0.10710318363458882,0.7087206118020902,0.5623206515241506,Model1_PlackettLuce,MIDFIELDER,win,1,33,0,4.0
2019,2019_R2_port_adelaide_v_carlton_2019-03-30,12261,3,0.10733999228194761,0.13962503309762414,0.1642926566762644,0.588742317944164,0.7655626997173555,Model1_PlackettLuce,UNKNOWN,loss,16,31,0,4.0
2019,2019_R7_west_coast_v_gold_coast_2019-05-04,12087,3,0.14216515476889907,0.155180833649909,0.17235143169973283,0.5303025798814591,0.9092085633062481,Model1_PlackettLuce,MIDFIELDER,win,23,28,1,4.0
2019,2019_R7_geelong_v_essendon_2019-05-05,1105,3,0.07537715066487233,0.12134414912642173,0.14015128644606567,0.6631274137626402,0.6089710366935261,Model1_PlackettLuce,MIDFIELDER,win,32,26,2,4.0
2018,2018_R17_melbourne_v_western_bulldogs_2018-07-14,11966,3,0.0358196222126415,0.05755467426954176,0.10533680460100055,0.8012888989168162,0.32790501977800857,Model1_PlackettLuce,RUCK,win,50,17,0,4.0
2018,2018_R23_fremantle_v_collingwood_2018-08-25,11751,3,0.10914440965273642,0.1270801157813942,0.14794221880260935,0.61583325576326,0.729535679323607,Model1_PlackettLuce,MIDFIELDER,win,9,32,0,4.0
2018,2018_R22_carlton_v_western_bulldogs_2018-08-19,1456,3,0.14664038956057607,0.1510183798300699,0.15492334398196547,0.5474178866273884,0.8968812723238335,Model1_PlackettLuce,MEDIUM_DEFENDER,loss,17,35,1,4.0
2018,2018_R20_richmond_v_geelong_2018-08-03,12595,3,0.10335028557377003,0.11635886159690666,0.13266199769534287,0.6476288551339804,0.6754305776104663,Model1_PlackettLuce,MIDFIELDER,loss,3,36,1,4.0
2018,2018_R23_brisbane_lions_v_west_coast_2018-08-26,11937,3,0.057333199279958044,0.07313165246655515,0.09859946095652998,0.7709356872969568,0.4168623637295144,Model1_PlackettLuce,MEDIUM_FORWARD,win,26,23,3,4.0
2018,2018_R17_collingwood_v_west_coast_2018-07-15,12273,3,0.07770788698948632,0.09732589924033752,0.1271105561511945,0.6978556576189817,0.5548860156003285,Model1_PlackettLuce,KEY_DEFENDER,win,35,22,0,4.0
2018,2018_R14_brisbane_lions_v_greater_western_sydney_2018-06-23,12022,3,0.03344568776921813,0.06118282516323002,0.07788847544880413,0.8274830116187477,0.30059118908291854,Model1_PlackettLuce,MIDFIELDER,win,27,26,0,4.0
2018,2018_R11_north_melbourne_v_brisbane_lions_2018-06-03,11835,3,0.03382982713459183,0.05228007445959676,0.10114082854503872,0.8127492698607727,0.3071904588680078,Model1_PlackettLuce,MIDFIELDER,win,54,28,1,4.0
2016,2016_R21_fremantle_v_adelaide_2016-08-14,12165,3,0.10087772016413261,0.10115002009557152,0.10088003634504714,0.6970922233952487,0.605813237028588,Model1_PlackettLuce,MEDIUM_DEFENDER,win,72,33,0,4.0
2016,2016_R20_carlton_v_st_kilda_2016-08-07,12300,3,0.06241689544948008,0.07631722119125582,0.0861805075891754,0.7750853757700887,0.4260656363201273,Model1_PlackettLuce,KEY_FORWARD,win,71,11,5,4.0
2017,2017_R13_west_coast_v_geelong_2017-06-15,1135,3,0.07498161558680076,0.10415807943064978,0.12769216628335886,0.6931681386991906,0.5609531719050607,Model1_PlackettLuce,MIDFIELDER,win,13,29,0,4.0
2022,2022_R3_adelaide_v_port_adelaide_2022-04-01,12516,3,0.10921310490513159,0.10917368912338518,0.10836385082204082,0.6732493551494424,0.6543505437842059,Model1_PlackettLuce,MEDIUM_DEFENDER,win,4,24,2,4.0
2021,2021_R4_port_adelaide_v_richmond_2021-04-09,12433,3,0.08660922854886462,0.08948105764445369,0.09172105408058955,0.7321886597260922,0.5305108550160907,Model1_PlackettLuce,KEY_DEFENDER,win,2,23,0,4.0
2021,2021_R8_greater_western_sydney_v_essendon_2021-05-08,12504,3,0.08333109266858417,0.1065583292104132,0.1318178348713364,0.6782927432496663,0.5949277712979153,Model1_PlackettLuce,MIDFIELDER_FORWARD,win,2,29,1,4.0
2022,2022_R15_collingwood_v_greater_western_sydney_2022-06-26,11751,3,0.0905794732340715,0.09454146502239401,0.09782749552637848,0.717051566217156,0.558648845273381,Model1_PlackettLuce,MIDFIELDER,win,11,26,1,4.0
2022,2022_R19_carlton_v_greater_western_sydney_2022-07-24,12330,3,0.04654487327795325,0.07471517574956787,0.09847052265849528,0.7802694283139836,0.38753549399149073,Model1_PlackettLuce,MEDIUM_DEFENDER,win,36,25,0,4.0
2023,2023_R18_sydney_v_western_bulldogs_2023-07-13,12862,3,0.11171268779192912,0.140241555393466,0.16093211560783607,0.5871136412067688,0.7765532897705554,Model1_PlackettLuce,MIDFIELDER,win,2,30,0,4.0
2023,2023_R15_fremantle_v_essendon_2023-06-24,12831,3,0.08220815982287909,0.10875741607100674,0.13303625937964975,0.6759981647264643,0.5971755709903004,Model1_PlackettLuce,MIDFIELDER,win,32,32,0,4.0
2023,2023_R15_st_kilda_v_brisbane_lions_2023-06-23,12340,3,0.10278763818805063,0.12063245220292769,0.1436474343563686,0.6329324752526531,0.6932752533263759,Model1_PlackettLuce,KEY_DEFENDER,win,28,21,0,4.0
2023,2023_R13_hawthorn_v_brisbane_lions_2023-06-10,12915,3,0.06466437216662937,0.08380584031273698,0.10025000526828443,0.7512797822523493,0.4618548023936465,Model1_PlackettLuce,MIDFIELDER,win,25,28,0,4.0
2023,2023_R9_collingwood_v_greater_western_sydney_2023-05-14,12428,3,0.10613689452053394,0.1271137477785185,0.16408718604678738,0.6026621716541601,0.7367253651654262,Model1_PlackettLuce,RUCK,win,65,19,2,4.0
2023,2023_R11_melbourne_v_fremantle_2023-05-27,12779,3,0.08719185883881736,0.09228471796870616,0.09730215101072319,0.7232212721817532,0.5434471634645875,Model1_PlackettLuce,RUCK,win,7,19,1,4.0
2023,2023_R12_west_coast_v_collingwood_2023-06-03,12253,3,0.09774286543862294,0.1300445327727014,0.1785604546299936,0.5936521471586821,0.7318781164912652,Model1_PlackettLuce,MIDFIELDER,loss,63,43,1,4.0
2023,2023_R2_carlton_v_geelong_2023-03-23,12330,3,0.020803526014562177,0.11692498297344374,0.12923648543599106,0.733035005576003,0.4254970294265651,Model1_PlackettLuce,MEDIUM_DEFENDER,win,8,29,0,4.0
2023,2023_R5_fremantle_v_gold_coast_2023-04-14,12767,3,0.026341379241315768,0.08953081124729353,0.1244006570472605,0.7597271524641303,0.38248641726579485,Model1_PlackettLuce,MIDFIELDER,loss,10,25,2,4.0
2021,2021_R23_essendon_v_collingwood_2021-08-22,12029,3,0.11643158920085302,0.11529811751586405,0.11290396607922336,0.6553663272040595,0.6927949687135105,Model1_PlackettLuce,MEDIUM_FORWARD,win,38,23,2,4.0
2021,2021_R23_brisbane_lions_v_west_coast_2021-08-21,12076,3,0.09823660640457853,0.11130944167810722,0.12547919368435045,0.6649747582329638,0.6428078962543005,Model1_PlackettLuce,MIDFIELDER,win,38,27,1,4.0
2021,2021_R19_west_coast_v_st_kilda_2021-07-24,12595,3,0.043749632291970396,0.07417697557496229,0.10919838721012205,0.7728750049229453,0.38880123523595783,Model1_PlackettLuce,MIDFIELDER,win,8,26,1,4.0
2023,2023_R19_greater_western_sydney_v_gold_coast_2023-07-23,12644,3,0.05889559110461756,0.06429688917208846,0.0701085874784136,0.8066989322448803,0.3753891391364432,Model1_PlackettLuce,KEY_DEFENDER,win,40,15,0,4.0
2023,2023_R21_hawthorn_v_collingwood_2023-08-05,12794,3,0.05203099857638499,0.15780695165377193,0.18446758411384886,0.6056944656559943,0.6561744831505477,Model1_PlackettLuce,MIDFIELDER,win,32,29,0,4.0
2023,2023_R21_essendon_v_west_coast_2023-08-05,12595,3,0.09230903947143797,0.11782722735070188,0.1419614652409898,0.6479022679368704,0.6545430383567075,Model1_PlackettLuce,MIDFIELDER,loss,1,30,0,4.0
2023,2023_R20_gold_coast_v_brisbane_lions_2023-07-29,12331,3,0.08614391380944535,0.09694678771524516,0.10557105222505378,0.7113382462502558,0.5578963690838802,Model1_PlackettLuce,MIDFIELDER,win,41,29,0,4.0
2024,2024_R11_port_adelaide_v_hawthorn_2024-05-19,12495,3,0.0673623609765007,0.14584015035116066,0.18955374615705922,0.5972437425152793,0.6833211297888826,Model1_PlackettLuce,MEDIUM_DEFENDER,win,1,22,3,4.0
2024,2024_R12_north_melbourne_v_port_adelaide_2024-05-25,12956,3,0.10500289061365344,0.11961155882850003,0.13776715529043979,0.6376183952674067,0.6919989447884002,Model1_PlackettLuce,MIDFIELDER_FORWARD,win,59,24,1,4.0
2024,2024_R12_geelong_v_greater_western_sydney_2024-05-25,12025,3,0.06268290984688112,0.079673104464296,0.10948994799698233,0.7481540376918406,0.4568848864662176,Model1_PlackettLuce,MEDIUM_FORWARD,win,4,24,2,4.0
2024,2024_R8_port_adelaide_v_st_kilda_2024-04-26,12698,3,0.12419643908770303,0.12318807607380464,0.12059300294877287,0.6320224818897194,0.7395584723594911,Model1_PlackettLuce,MIDFIELDER,win,10,27,0,4.0
2024,2024_R13_gold_coast_v_essendon_2024-06-02,12824,3,0.08868623054013763,0.10105995541673218,0.1104708919998788,0.6997829220432513,0.5786494944537561,Model1_PlackettLuce,MEDIUM_DEFENDER,win,11,33,0,4.0
2023,2023_R21_adelaide_v_gold_coast_2023-08-05,12516,3,0.04160763224406925,0.05352959565365212,0.07512957439260609,0.8297331977096725,0.3070116624321181,Model1_PlackettLuce,MIDFIELDER,win,28,23,1,4.0
2024,2024_R3_western_bulldogs_v_gold_coast_2024-03-24,11898,3,0.014819299367178618,0.04941467430563738,0.1356022280757659,0.800163798251418,0.2788894747885765,Model1_PlackettLuce,MIDFIELDER,win,48,20,1,4.0
2023,2023_R22_st_kilda_v_richmond_2023-08-13,12773,3,0.10067041048300132,0.11252232093339444,0.1260957665795754,0.6607115020040288,0.6531516398953683,Model1_PlackettLuce,KEY_FORWARD,win,36,8,6,4.0
2025,2025_R7_richmond_v_gold_coast_2025-04-19,12174,3,0.07084195574577833,0.15177860568272433,0.1732326906970613,0.6041467478744361,0.689315769299845,Model1_PlackettLuce,MEDIUM_DEFENDER,win,11,27,0,4.0
2025,2025_R3_essendon_v_adelaide_2025-03-22,12434,3,0.12645336462846865,0.16398596074765961,0.19000227095536779,0.5195584036685039,0.897334286336093,Model1_PlackettLuce,MEDIUM_FORWARD,win,61,22,4,4.0
2024,2024_R20_port_adelaide_v_richmond_2024-07-20,12698,3,0.08180150312754149,0.10189486490858986,0.12663394193245886,0.6896696900314097,0.575828181132263,Model1_PlackettLuce,MIDFIELDER,win,41,28,0,4.0
2025,2025_R8_carlton_v_geelong_2025-04-27,12566,3,0.09022415565535175,0.09718651923894926,0.10528924219427782,0.7073000829114211,0.5703347476382316,Model1_PlackettLuce,KEY_FORWARD,win,18,19,3,4.0
2025,2025_R13_melbourne_v_st_kilda_2025-06-01,12950,3,0.0892193605011003,0.1412173044848922,0.16388974914953283,0.6056735858644747,0.7139824396226181,Model1_PlackettLuce,MEDIUM_DEFENDER,win,28,29,0,4.0
2025,2025_R17_hawthorn_v_north_melbourne_2025-06-28,12915,3,0.12433240665959236,0.14990893331216656,0.18066678957473903,0.545091870453502,0.8534818761778492,Model1_PlackettLuce,MIDFIELDER,win,85,27,0,4.0
2025,2025_R17_fremantle_v_st_kilda_2025-06-29,12779,3,0.07122495804307077,0.1069008224547693,0.13293419070623116,0.6889400287959287,0.5604107097449821,Model1_PlackettLuce,RUCK,win,12,15,2,4.0
2025,2025_R21_st_kilda_v_melbourne_2025-07-27,12147,3,0.0022611526540676505,0.15992057612309557,0.164574415042143,0.6732438561806938,0.49119902525053716,Model1_PlackettLuce,MIDFIELDER,loss,6,23,1,4.0
